RANCHI: LIST OF BLOCKS_MUNICIPAL_PANCHAYAT_VILLAGE,,,
Sl.No,Municipal / Block,Panchayat/Ward,Village
1,RANCHI NAGAR NIGAM,Ward No.: 1 to 55,
2,BUNDU NAGAR PANCHAYAT,Ward No.: 1 to 20,
3,TAMAR,TAMAR EAST,RAIDIH
4,TAMAR,ARAHANGA,SILPINGKOCHA VIJAYGIRI
5,KANKE,PIRA,GOVIND NAGAR
6,RATU,KATU,KATU
7,LAPUNG,LAPUNG,LAPUNG
8,KHALARI,TUMANG,DHAMDMIYA
9,RATU,RATU WEST,MERIYA TAAR
10,TAMAR,TAMAR WEST,JARYA
11,SONAHATU,BARUHATU,BHAKUADIH
12,SONAHATU,JINTU,KURDAAG
13,KHALARI,CHURI (SOUTH),MOHANNAGAR
14,TAMAR,MARDHAN,PALDHA
15,SILLI,LUPUNG,SILLI
16,SILLI,BASANTPUR,PANCHU
17,SONAHATU,HOSLO,RAHIMANJHI DIRAHE
18,NAMKUM,TATISILWAY,HARATU
19,ANGARA,HARATU,EIDGANJU
20,BERO,TERO,CHACHKOPI
21,NAMKUM,BARGAWAN,patratoli
22,BERO,TERO,PAKALMERI
23,TAMAR,ARAHANGA,SILIPINGKOCHA
24,BUNDU,BUNDU,BUNDU
25,ITKI,MALTI,MORO
26,NAGRI,TUNDIL NORTH,NAYA SARAY
27,SILLI,BANTAHAJAM (EAST),BAREDI
28,ANGARA,HESATU,SIKANDARI
29,SONAHATU,GOLAO,MURUTDIH
30,BURMU,MAKKA,PIPRATOLI
31,KHALARI,CHURI (NORTH-WEST),DAKRA
32,KHALARI,VISHRAMPUR,KEKARAHI GARA
33,ORMANJHI,IRBA,KOYLARI
34,ORMANJHI,IRBA,IRBA
35,ORMANJHI,JAIDIHA,JAIDIHA
36,ORMANJHI,JAIDIHA,GURGAI
37,ORMANJHI,JAIDIHA,GANESH PUR
38,ORMANJHI,JAIDIHA,BARTUWA
39,ORMANJHI,JAIDIHA,SAHER
40,ORMANJHI,ICHADAG,TAPA
41,ORMANJHI,KARMA,HUTUP
42,ORMANJHI,ICHADAG,PISKA
43,ORMANJHI,ICHADAG,JEEDU
44,ORMANJHI,ICHADAG,ICHADAG
45,ORMANJHI,ICHADAG,HALWADI
46,ORMANJHI,ICHADAG,DUNDE
47,ORMANJHI,HINDBELLY,TIRLA
48,ORMANJHI,HINDBELLY,PARSA TOLA
49,ORMANJHI,HINDBELLY,MANDRO(MANDROH)
50,ORMANJHI,ICHADAG,PUNDAG
51,ORMANJHI,PANCHA,ROLLA
52,ORMANJHI,PANCHA,PANCHA
53,ORMANJHI,PANCHA,MATATU (MANATU)
54,ORMANJHI,PANCHA,HATWAL
55,ORMANJHI,PANCHA,GURU
56,ORMANJHI,ORMANJHI,UKRID
57,ORMANJHI,ORMANJHI,ORMANJHI
58,ORMANJHI,CHARU,BHUSUR
59,ORMANJHI,KUTE,KUTE
60,ORMANJHI,KUTE,MUTTA
61,ORMANJHI,KARMA,KARMA
62,ORMANJHI,KUTE,LOTWA
63,ORMANJHI,ORMANJHI,JHIRI
64,ORMANJHI,KUTE,KHUDIA
65,ORMANJHI,KUCHU,KULHI
66,ORMANJHI,KUCHU,KUCHU
67,ORMANJHI,KUCHU,KAMTA
68,ORMANJHI,KUCHU,JEERABAR
69,ORMANJHI,KARMA,RUKKA
70,ORMANJHI,HINDBELLY,JAWABEDA
71,ORMANJHI,BIRIDIH,BIRIDIH
72,ORMANJHI,CHARU,CHARU
73,ORMANJHI,CHARU,BANLOTWA
74,ORMANJHI,CHANDRA,MAYAPUR
75,ORMANJHI,CHANDRA,MADKAMA(MADHUKAMA)
76,ORMANJHI,CHANDRA,CHANDRA
77,ORMANJHI,CHANDRA,BUNDU
78,ORMANJHI,CHAKLA,SAWAIYA
79,ORMANJHI,CHARU,DATMA(UTMA)
80,ORMANJHI,CHAKLA,CHAKLA
81,ORMANJHI,CHARU,HINDBELLY
82,ORMANJHI,BIRIDIH,ANNANDI
83,ORMANJHI,BARWE,DAHU
84,ORMANJHI,BARWE,BARWE
85,NAMKUM,TATI WEST,TATI
86,NAMKUM,TATAI EAST,TATI EAST
87,NAMKUM,SOUDAG,UPARDAHU
88,NAMKUM,SOUDAG,SOHDAG
89,ORMANJHI,SADAMA,DHAKJEEWAN
90,ORMANJHI,CHAKLA,DARDAG
91,ORMANJHI,CHUTU PALU,MANATU
92,ORMANJHI,HINDBELLY,GUNJA
93,ORMANJHI,GAGARI,ULATU
94,ORMANJHI,GAGARI,SILDIRI
95,ORMANJHI,GAGARI,KHATNAGA
96,ORMANJHI,GAGARI,HESATU
97,ORMANJHI,GAGARI,GAGARI
98,ORMANJHI,GAGARI,CHAPRA KOCHA
99,ORMANJHI,GAGARI,CHAPAWAR
100,ORMANJHI,BARWE,HARCHANDA
101,ORMANJHI,CHUTU PALU,PALU
102,ORMANJHI,CHARU,HETH NAGARU
103,ORMANJHI,CHUTU PALU,KURUN
104,ORMANJHI,CHUTU PALU,KOUWALU (QALU)
105,ORMANJHI,CHUTU PALU,JARUWADIH
106,ORMANJHI,CHUTU PALU,CHUTU PALU
107,ORMANJHI,CHUTU PALU,CHETANWARI
108,ORMANJHI,CHARU,UPPER NAGARU
109,ORMANJHI,CHARU,SANRI
110,ORMANJHI,HINDBELLY,HINDBELLY
111,ORMANJHI,CHUTU PALU,TIRALA
112,RAHE,LOWAHATU,NAWADIH
113,RAHE,NAWADIH,THUNGRUDIH
114,RAHE,NAWADIH,PARAMDIH
115,RAHE,NAWADIH,NAWADIH
116,RAHE,NAWADIH,KOTANGDAG
117,RAHE,NAWADIH,ICHAHATU
118,RAHE,NAWADIH,GUCHIDIH
119,RAHE,NAWADIH,BURUDIH
120,RAHE,HOTLO,KATYADIH
121,RAHE,LOWAHATU,NURU
122,RAHE,RAHE,KUBADIH
123,RAHE,LOWAHATU,LOWAHATU
124,RAHE,LOWAHATU,KOLMA
125,RAHE,LOWAHATU,KHATANGA
126,RAHE,LOWAHATU,GOWALI
127,RAHE,LOWAHATU,DULMI
128,RAHE,HOTLO,SIRIDIH
129,RAHE,HOTLO,SERENGDIH
130,RATU,BAJPUR,HISRI
131,RAHE,NAWADIH,BASAHATU
132,RAHE,SATAKI,KONTA TOLI
133,RATU,BANAPIRI,JARI
134,RATU,BANAPIRI,BANAPIRI
135,NAGRI,SOPARAM,MERAL
136,RATU,BAJPUR,PANDRA
137,NAMKUM,SOUDAG,JAMGAIN
138,RATU,BAJPUR,CHAULI
139,RATU,BAJPUR,BAJPUR
140,RAHE,SATAKI,SATAKI
141,RAHE,NAWADIH,TORANG
142,RAHE,SATAKI,PURNADIH
143,RAHE,RAHE,BARWADIH
144,RAHE,SATAKI,KOCHE TOLA
145,RAHE,SATAKI,KANKATTA
146,RAHE,RAHE,URAONDIH
147,RAHE,RAHE,RAHE
148,RAHE,RAHE,PURNANAGAR
149,RAHE,RAHE,POWADIRI
150,RAHE,RAHE,MAHESHPUR
151,RAHE,HOTLO,IRISERENG
152,RAHE,SATAKI,RAMDERA
153,ORMANJHI,TUNDAHULI,KERM
154,RAHE,BANSIYA,CHIRU DIH
155,RAHE,BANSIYA,BANSIYA
156,RAHE,AMBAJHARIA,SUWARMARA
157,RAHE,AMBAJHARIA,KOMBO
158,RAHE,AMBAJHARIA,AMBAJHARIA
159,ORMANJHI,TUNDAHULI,TUNDAHULI
160,ORMANJHI,TUNDAHULI,PIPRA BANDA
161,RAHE,HOTLO,KOKRODIH
162,ORMANJHI,TUNDAHULI,KUKAI
163,RAHE,BANSIYA,SOSO
164,ORMANJHI,TUNDAHULI,BIJANG
165,ORMANJHI,TUNDAHULI,BARGAIN BANDA
166,ORMANJHI,TUNDAHULI,BAGHIN BANDA
167,ORMANJHI,TUNDAHULI,ARRA
168,ORMANJHI,SADAMA,SANTI
169,ORMANJHI,SADAMA,SADMA
170,ORMANJHI,SADAMA,KESER BERA
171,ORMANJHI,SADAMA,HOCHAI
172,ORMANJHI,TUNDAHULI,LUPUNGA
173,RAHE,BASANTPUR,RANGA MATI
174,RAHE,HOTLO,HOTLO
175,RAHE,HOTLO,GHAGHRADIH
176,RAHE,HOTLO,FULWAR
177,RAHE,HOTLO,CHIRUDIH
178,RAHE,DOKAD,GOMDA
179,RAHE,DOKAD,DOMANDIH
180,RAHE,DOKAD,DOKAD
181,RAHE,DOKAD,CHAINPUR
182,RAHE,BANSIYA,DHANA MUNJI
183,RAHE,DOKAD,BELA
184,RAHE,BANSIYA,LADHUP
185,RAHE,BASANTPUR,POGARA
186,RAHE,BASANTPUR,PANCHU
187,RAHE,BASANTPUR,NICHIT PUR
188,RAHE,BASANTPUR,BUNDIYARU
189,RAHE,BASANTPUR,BASANT PUR
190,RAHE,BASANTPUR,BADALU
191,RAHE,BANSIYA,TILIM SIRING
192,ORMANJHI,SADAMA,DUNDUN
193,RAHE,DOKAD,BURHADIH
194,NAGRI,ERCHORA,LADA
195,NAGRI,TUNDIL NORTH,TUNDIUL
196,NAGRI,NAGARI,NAGRI
197,NAGRI,LALGUTUA,PUNDAG
198,NAGRI,LALGUTUA,LALGUTUA
199,NAGRI,KUDLUM,KUDLUM
200,NAGRI,KUDLUM,HOTWASI
201,NAGRI,KUDLUM,HARSER
202,NAGRI,NARO,PISKA
203,NAGRI,ERCHORA,PATRACHAULI
204,NAGRI,NARO,TIKRATOLI
205,NAGRI,ERCHORA,KOSARO
206,NAGRI,ERCHORA,ERCHORA
207,NAGRI,DEWRI,SUGDA
208,NAGRI,DEWRI,DEWRI
209,NAGRI,DEWRI,BASILA
210,NAGRI,CHIPRA,UPARDAHA
211,NAGRI,CHIPRA,TUSMU
212,NAGRI,CHIPRA,PANCHDIHA
213,NAGRI,ERCHORA,WARSA
214,NAGRI,SOPARAM,SAPAROM
215,NAMKUM,BANDHUA,RURUNGKOCHA
216,NAMKUM,BANDHUA,NACHALDAG
217,NAMKUM,BANDHUA,KOLAD
218,NAMKUM,BANDHUA,BUTIYO
219,NAMKUM,BANDHUA,BUNDUBERA
220,NAMKUM,BANDHUA,BANDUA
221,NAMKUM,ARA,ARA
222,NAGRI,NARO,NARO
223,RATU,BIJULIA,AGRU
224,NAGRI,CHIPRA,BABRO
225,SILLI,LOWADAG,ITIHASA
226,NAGRI,SOPARAM,JAIPUR
227,NAGRI,SOPARAM,DALADILI
228,NAGRI,SAHER,SAHER
229,NAGRI,SAHER,PALANDU
230,NAGRI,SAHER,KHUNTA
231,NAGRI,SAHER,KATARPA
232,NAGRI,SAHER,HARHI
233,NAGRI,TUNDIL SOUTH,LABED
234,MANDAR,MURMA,KARKARIA
235,MANDAR,SURSA,BASKI
236,MANDAR,SARWA,SARWA
237,MANDAR,SARWA,JHIKPUR
238,MANDAR,SARWA,DUMRI
239,MANDAR,SARWA,BABRO
240,MANDAR,NAGRA,NAGRA
241,MANDAR,NAGRA,GORE
242,NAGRI,CHIPRA,KOLAMBI
243,MANDAR,MURMA,MESAL
244,MANDAR,TANGARBASULI,NARO
245,MANDAR,MURMA,KANDRI
246,MANDAR,MANDRO,MANDRO
247,MANDAR,MANDRO,KURKURA
248,MANDAR,MANDRO,DEURI ALIAS DONGATOLI
249,MANDAR,MANDRO,CHIGRI
250,MANDAR,MANDRO,CHARNALO
251,MANDAR,MANDRO,CHARKI
252,MANDAR,MANDRO,BAKHAR
253,MANDAR,MURMA,MURMA
254,NAGRI,BALA LONG,BANDRATOLI
255,NAMKUM,BARGAWAN,BARGAWAN
256,NAGRI,CHETE,SINGHPUR
257,NAGRI,CHETE,KENKE
258,NAGRI,CHETE,HALHU
259,NAGRI,CHETE,CHETE
260,NAGRI,CHETE,BANDHEYA
261,NAGRI,BALA LONG,SEMBO
262,NAGRI,BALA LONG,NACHIATU
263,MANDAR,SURSA,MASMANO
264,NAGRI,BALA LONG,BARIDIH
265,MANDAR,SURSA,SURSA
266,NAGRI,BALA LONG,BALALONG
267,MANDAR,TIGOIAMBATOLI,TIGOIAMBATOLI
268,MANDAR,TIGOIAMBATOLI,HESMI
269,MANDAR,TIGOIAMBATOLI,HESAL
270,MANDAR,TIGOIAMBATOLI,GARMI
271,MANDAR,TANGARBASULI,TANGARBASULI
272,MANDAR,TANGARBASULI,PAREYAGO
273,NAGRI,CHIPRA,CHIPRA
274,NAGRI,BALA LONG,KELANDE
275,NAMKUM,KUTIATU,TETRI
276,NAMKUM,MAHILONG,HARHAP
277,NAMKUM,LALKHATANGA,MANGUBADH
278,NAMKUM,LALKHATANGA,LALKHATANGA
279,NAMKUM,LALKHATANGA,KHARSIDAG
280,NAMKUM,LALKHATANGA,KACHBANG
281,NAMKUM,LALKHATANGA,GARHKHATANGA
282,NAMKUM,LALI,LALI
283,NAMKUM,HURUA,NICHITPUR-RAYDIH
284,NAMKUM,LALI,HESLATOLI
285,NAMKUM,RAMPUR,CHENE
286,NAMKUM,KUTIATU,SAHERA
287,NAMKUM,KUTIATU,PINDARKOM
288,NAMKUM,KUTIATU,MALTI
289,NAMKUM,KUTIATU,KUTIATU
290,NAMKUM,KHIJRI,TUMBAGUTTU
291,NAMKUM,KHIJRI,KHIJRI
292,NAMKUM,HURUA,SIRI
293,NAMKUM,BANDHUA,TUNJU
294,NAMKUM,LALI,KUDAGARA
295,NAMKUM,SIDROUL,SIDRAUL
296,NAMKUM,SOUDAG,HETHDAHU
297,NAMKUM,SOUDAG,GHUTHIYA
298,NAMKUM,SOUDAG,GARSUL
299,NAMKUM,SOUDAG,BANDA
300,NAMKUM,SITHIO,ZOZOSRING
301,NAMKUM,SITHIO,SITHIA
302,NAMKUM,SITHIO,PINDARKAM
303,NAMKUM,SITHIO,HUTHUNDU
304,NAMKUM,MAHILONG,MAHILONG
305,NAMKUM,SILWAI,HARATU
306,NAMKUM,RAJAULLATU,RAJAULLATU
307,NAMKUM,SIDROUL,PALANDU
308,NAMKUM,SIDROUL,KEWALI
309,NAMKUM,SIDROUL,GANRKE
310,NAMKUM,RAMPUR,RAMPUR
311,NAMKUM,RAMPUR,JAREYA
312,NAMKUM,RAMPUR,JAMCHUAN
313,NAMKUM,RAMPUR,HARBUL
314,NAMKUM,HURUA,MERHA(METHA)
315,NAMKUM,SILWAI,SILWAI
316,NAMKUM,CHANDAGHASI,TANKO
317,NAMKUM,HAHAP,KOENRIBERA
318,NAMKUM,HAHAP,HAHAP
319,NAMKUM,DUNGRI,TORAR
320,NAMKUM,DUNGRI,SORHA(SOTHA)
321,NAMKUM,DUNGRI,KOENJARI
322,NAMKUM,DUNGRI,KISKI
323,NAMKUM,DUNGRI,JARATOLI
324,NAMKUM,HURUA,SAHEDA
325,NAMKUM,DUNGRI,DUNGRI
326,NAMKUM,HAHAP,ULIDIH
327,NAMKUM,CHANDAGHASI,OBERIYA
328,NAMKUM,CHANDAGHASI,MARIYATU
329,NAMKUM,CHANDAGHASI,LODHMA
330,NAMKUM,CHANDAGHASI,KUTE TOLI
331,NAMKUM,CHANDAGHASI,ETHE
332,NAMKUM,CHANDAGHASI,CHURU
333,NAMKUM,CHANDAGHASI,CHANDAGHASI
334,NAMKUM,SOUDAG,HURINGDAG
335,NAMKUM,DUNGRI,GUNDU
336,NAMKUM,HARDAG,SUKURHUTTU
337,NAMKUM,HURUA,KARKATA
338,NAMKUM,HURUA,HURUA
339,NAMKUM,HURUA,HAJAM
340,NAMKUM,HURUA,DUNDIGARHA
341,NAMKUM,HURUA,DEWGAIN
342,NAMKUM,HURUA,BUMRU
343,NAMKUM,HUANGHATU,ULATU
344,NAMKUM,HUANGHATU,SINGARSARAI
345,NAMKUM,HAHAP,SAPAROM
346,NAMKUM,HUANGHATU,HUANGHATU
347,NAMKUM,HAHAP,SARWAL
348,NAMKUM,HARDAG,SILADON
349,NAMKUM,HARDAG,HARDAG
350,NAMKUM,HARDAG,DUNDU
351,NAMKUM,HARDAG,DARJITORAR
352,NAMKUM,HARDAG,CHITIR
353,NAMKUM,HARDAG,CHAND
354,NAMKUM,HARDAG,BARGUTTU
355,NAMKUM,BARAM,BARAM
356,NAMKUM,HUANGHATU,KAKRA
357,TAMAR,HARAM LOHAR,HARAM LOHAR
358,TAMAR,MALAHAN BHUIA DIH,MALAHAN BHUIA DIH
359,TAMAR,JARGO,DOMBODIH
360,TAMAR,JARGO,BURUSIGN
361,TAMAR,JANAM PIRI,SOSODIH
362,TAMAR,JANAM PIRI,SARMALI
363,TAMAR,JANAM PIRI,KHEDUADIH ALIAS DINDLIDIH
364,TAMAR,JANAM PIRI,JANAMPIRI
365,TAMAR,JARGO,JARGO
366,TAMAR,JANAM PIRI,DERO
367,TAMAR,JARGO,KANJANI GURHA
368,TAMAR,HARAM LOHAR,DOMRA
369,TAMAR,HARAM LOHAR,BIRDIH
370,TAMAR,DIMBUJARDA,NAWA DIH
371,TAMAR,DIMBUJARDA,MANJIL DIH
372,TAMAR,DIMBUJARDA,HARADIH
373,TAMAR,DIMBUJARDA,DIMBUJARDA
374,TAMAR,DIMBUJARDA,DARUARA
375,TAMAR,DIMBUJARDA,CHONGADIH
376,TAMAR,JANAM PIRI,DULMI
377,TAMAR,KUNDLA,LANKIYA
378,SONAHATU,PANDADIH,RUGRI
379,TAMAR,MALAHAN BHUIA DIH,BABURAMDIH
380,TAMAR,LUNGTU,TAMRANA
381,TAMAR,LUNGTU,PATSAHIDIH
382,TAMAR,LUNGTU,PAPIRDA
383,TAMAR,LUNGTU,LUNGTU
384,TAMAR,KURKUTTA,KURKUTIA
385,TAMAR,JARGO,GANGO
386,TAMAR,KURKUTTA,GEREDIH
387,TAMAR,DIMBUJARDA,BADLA
388,TAMAR,KUNDLA,KUNDLA
389,TAMAR,KUNDLA,KUEHRU
390,TAMAR,KUNDLA,JHATGAON
391,TAMAR,KUNDLA,DONGIDIH
392,TAMAR,KUNDLA,DIMRA
393,TAMAR,KUNDLA,DEGADARI
394,TAMAR,KUNDLA,CHIPIBANDHDIH
395,TAMAR,JARGO,KUBASAL
396,TAMAR,KURKUTTA,JILING SERENG
397,SONAHATU,TELWADIH,PERENG CHAWALI
398,SONAHATU,TETLA,SALSUD
399,SONAHATU,TETLA,KUDADIH
400,SONAHATU,TETLA,KOTAB
401,SONAHATU,TETLA,KONDA
402,SONAHATU,TETLA,BIRDIDIH
403,SONAHATU,TETLA,BALWADIH
404,SONAHATU,TELWADIH,TELWADIH
405,TAMAR,DIMBUJARDA,BIUSAI DIH
406,SONAHATU,TELWADIH,SIGID
407,TAMAR,AMLESHA,AGRA
408,SONAHATU,TELWADIH,PARAM JHARIYA
409,SONAHATU,TELWADIH,MARCHADIH
410,SONAHATU,TELWADIH,DOMADIH
411,SONAHATU,TELWADIH,DIBADIH
412,SONAHATU,TELWADIH,ADRAMHATU
413,SONAHATU,SONAHATU,SONAHATU
414,SONAHATU,SONAHATU,SERENGHATU
415,SILLI,LOWADAG,DHARM PUR
416,SONAHATU,TELWADIH,SOMADIH
417,TAMAR,ARAHANGA,ARAHANGA
418,TAMAR,MALAHAN BHUIA DIH,PALNA
419,TAMAR,DIMBUJARDA,ADAL DIH
420,TAMAR,BIRGAON,LONDRA
421,TAMAR,BIRGAON,ICHADIH
422,TAMAR,BIRGAON,BIRGAON
423,TAMAR,ARAHANGA,PIYA KULI
424,TAMAR,ARAHANGA,MAKRAMDIH
425,TAMAR,ARAHANGA,KUDDA
426,SONAHATU,TETLA,TETLA
427,TAMAR,ARAHANGA,BARIDIH
428,TAMAR,ACHUDIH,ACHUDIH
429,TAMAR,AMLESHA,KOKADIH
430,TAMAR,AMLESHA,DIURI
431,TAMAR,AMLESHA,BURUDIH
432,TAMAR,AMLESHA,BODHDIH
433,TAMAR,AMLESHA,BARU
434,TAMAR,AMLESHA,BABAI KUNDI
435,TAMAR,AMLESHA,AMLESHA
436,TAMAR,DIMBUJARDA,BHITU DIH
437,TAMAR,ARAHANGA,BURUHATU
438,TAMAR,RARGAON,RARGAON
439,TAMAR,MALAHAN BHUIA DIH,HURUNDIH
440,TAMAR,ULI LOHAR,JAMDIH
441,TAMAR,ULI LOHAR,DIMBUDIH
442,TAMAR,ULI LOHAR,BURUDIH
443,TAMAR,TAMAR EAST,BINSAIDIH
444,TAMAR,TAMAR,TAMAR
445,TAMAR,SARJAMDIH,SARJAMDIH
446,TAMAR,ULLI DIH,BARNIAN
447,TAMAR,RARGAON,TARAI
448,TAMAR,ULLI DIH,BURUDIH
449,TAMAR,RARGAON,LODHMA
450,TAMAR,RARGAON,DARIDA
451,TAMAR,RARGAON,BANGAL DIH
452,TAMAR,RAGRA BARANG,RAGRA BARANG
453,TAMAR,RAGRA BARANG,MANIKA DIH
454,TAMAR,RAGRA BARANG,KURUCHUDIH
455,TAMAR,RAGRA BARANG,JEGODAKAI
456,TAMAR,RAGRA BARANG,BARUKANDE
457,TAMAR,SARJAMDIH,BARLANGA
458,BUNDU,RELADIH,RELADIH
459,NAGRI,TUNDIL SOUTH,NAYASARAI
460,NAGRI,TUNDIL SOUTH,TUNDIL
461,TAMAR,RARGAON,RANGAMATI
462,KANKE,NAWATOLI,SIMALIYA
463,NAMKUM,SILWAI,POKHAR TOLI
464,MANDAR,KHATANGA,KHATANGA
465,KHALARI,BUKBUKA,NAYADHAURA
466,TAMAR,ULI LOHAR,ULILOHAR
467,MANDAR,MANDRO,BAJRA
468,TAMAR,PUNDIDIRI,LOHRI
469,ANGARA,HESATU,JALIMA
470,KANKE,ARSUNDAY,PATRA TOLI
471,ORMANJHI,CHARU,ROHANDI
472,TAMAR,ULLI DIH,ULLI DIH
473,TAMAR,ULLI DIH,RUGRI
474,TAMAR,ULLI DIH,KOKADIH
475,TAMAR,ULLI DIH,KARAMDIRI
476,TAMAR,ULLI DIH,JAGAISIGU
477,KANKE,PIRA,PIRA
478,TAMAR,MANKI DIH,PARAMDIH
479,TAMAR,MARDHAN,MADHU DIH
480,TAMAR,MARDHAN,KOTHADIH
481,TAMAR,MARDHAN,GUTIBARU
482,TAMAR,MARDHAN,GURHA
483,TAMAR,MARDHAN,GONDADIH
484,TAMAR,MARDHAN,CHIRUDIH
485,TAMAR,MARDHAN,CHAYADIH
486,TAMAR,PUNDIDIRI,TIMPUR
487,TAMAR,MANKI DIH,RABO
488,TAMAR,MARDHAN,TORANGA
489,TAMAR,MANKI DIH,MANKIDIH
490,TAMAR,MANKI DIH,KITADIH
491,TAMAR,MANKI DIH,GUMTI
492,TAMAR,MANKI DIH,CHATAMSAL
493,TAMAR,MANKI DIH,BURUSUDIH
494,TAMAR,MANKI DIH,BURUDIH
495,TAMAR,MANKI DIH,BANKI
496,TAMAR,MANKI DIH,BAGHAI
497,TAMAR,MANKI DIH,TALADIH
498,TAMAR,PERAI DIH,JOJODIH
499,SONAHATU,PANDADIH,PANDADIH
500,TAMAR,PUNDIDIRI,JHARGAON
501,TAMAR,PUNDIDIRI,JAHARTIKAR
502,TAMAR,PERAI DIH,SARJAMDIH
503,TAMAR,PERAI DIH,ROLABERA
504,TAMAR,PERAI DIH,PORADIH
505,TAMAR,PERAI DIH,PERAI DIH
506,TAMAR,PERAI DIH,NURIDIH
507,TAMAR,MARDHAN,MARDHAN
508,TAMAR,PERAI DIH,KADAMDIH
509,TAMAR,MARDHAN,ROLADIH
510,TAMAR,PERAI DIH,JARADIH
511,TAMAR,PERAI DIH,DUBLA
512,TAMAR,PARASI,PARASI
513,TAMAR,PARASI,KUTACHAULI
514,TAMAR,PARASI,JAPNO
515,TAMAR,PARASI,GUMANDIH
516,TAMAR,MARDHAN,UDAY DIH
517,TAMAR,PUNDIDIRI,PUNDIDIRI
518,TAMAR,PERAI DIH,MURPA
519,SILLI,BISRIA,KUCHU
520,SILLI,KOCHO,MARDU
521,SILLI,GORADIH,GORA DIH
522,SILLI,GORADIH,BRAHMNI
523,SILLI,DWARU,TUNKU
524,SILLI,DWARU,MURHU
525,SILLI,DWARU,GORHA
526,SILLI,DWARU,DWARU
527,SILLI,GORADIH,HOLONG
528,SILLI,BISRIA,KUTAM
529,SILLI,GORADIH,KULSUD
530,SILLI,BISRIA,BISRIA
531,SILLI,BARACHANGRU,NAWADIH
532,SILLI,BARACHANGRU,BARA CHANGRU
533,SILLI,BARACHANGRU,ARAL
534,SILLI,BANTAHAJAM (WEST),SHAYAM NAGAR
535,SILLI,BANTAHAJAM (WEST),JHABRI
536,SILLI,BANTAHAJAM (WEST),GARI HALMAD
537,SILLI,BANTAHAJAM (WEST),CHOKE SIRING
538,SILLI,BISRIA,KUTARU
539,SILLI,HALMAD,BHULI
540,SONAHATU,SONAHATU,NIMDIH
541,SILLI,KOCHO,KOCHO
542,SILLI,KOCHO,JOBLA
543,SILLI,HALMAD,SAHEDA
544,SILLI,HALMAD,MISHIR HUTANG
545,SILLI,HALMAD,JUMLA
546,SILLI,HALMAD,JALU HUTANG
547,SILLI,GORADIH,HESADIH
548,SILLI,HALMAD,GAJHA
549,SILLI,BANSA ROLI,SINGH PUR
550,SILLI,HAKE DAG,TETE BANDA
551,SILLI,HAKE DAG,RAMPUR
552,SILLI,HAKE DAG,PIPER DAG
553,SILLI,HAKE DAG,HARI DIH
554,SILLI,HAKE DAG,HAKE DAG
555,SILLI,HAKE DAG,GORE BIR
556,SILLI,HAKE DAG,BANUA DIH
557,SILLI,GORADIH,NAWA DIH
558,SILLI,HALMAD,HALMAD
559,RATU,HURHURI,PHETA
560,RATU,PALI,CHITARKOTA
561,RATU,LAHNA,MURGU
562,RATU,LAHNA,MARIATU
563,RATU,LAHNA,MAKHMANDRO
564,RATU,LAHNA,LAHNA
565,RATU,LAHNA,KANTU
566,RATU,LAHNA,EKAGURI
567,SILLI,BANTAHAJAM (WEST),BANTA HAJAM (W)
568,RATU,LAHNA,BELANGI
569,RATU,PURIO,PARHEPAT
570,RATU,HURHURI,HURHURI
571,RATU,HURHURI,GUTUATOLI
572,RATU,GURU,KOTA
573,RATU,GURU,HETHA
574,RATU,GURU,GURU
575,RATU,GURU,GARRI
576,RATU,GURU,BHONRA
577,RATU,BIJULIA,HEHAL
578,RATU,LAHNA,BURJU
579,RATU,TARUP,KOKRETANR
580,SILLI,KOCHO,NAYAK JOBLA
581,SILLI,BANSA ROLI,LENGHATU
582,SILLI,BANSA ROLI,JATERA
583,SILLI,BANSA ROLI,DHOWATIKE
584,SILLI,BANSA ROLI,BANSA ROLI
585,RATU,TIGRA,TIGRA
586,RATU,TARUP,USAMATU
587,RATU,TARUP,TARUP
588,RATU,PALI,PALI
589,RATU,TARUP,MURCHU
590,RATU,PURIO,MALMANRU
591,RATU,TARUP,KANAUJ
592,RATU,TARUP,HOCHAR
593,RATU,RATU WEST,RATU
594,RATU,RATU SOUTH,RATU SOUTH
595,RATU,RATU NORTH,RATU NORTH
596,RATU,RATU EAST,RATU EAST
597,RATU,PURIO,PIRIYO
598,SILLI,BANTAHAJAM (EAST),BANTA HAJAM (E)
599,RATU,TARUP,PATRATOLI
600,SONAHATU,DULMI,DULMI
601,SILLI,KOCHO,LAGAM
602,SONAHATU,GOLAO,SAREYAD
603,SONAHATU,GOLAO,SALBANDA
604,SONAHATU,GOLAO,RANGADIH
605,SONAHATU,GOLAO,GOLAO
606,SONAHATU,GOLAO,DIRSIR
607,SONAHATU,GOLAO,BIRGAMDIH
608,SONAHATU,HARIN,BAREDIH
609,SONAHATU,DULMI,MAHULDIH
610,SONAHATU,HARIN,HARIN
611,SONAHATU,DULMI,BONGADAR
612,SONAHATU,BARENDA,ULIDIH
613,SONAHATU,BARENDA,PARARIYADIH
614,SONAHATU,BARENDA,NAPRA
615,SONAHATU,BARENDA,MARANGKIRI
616,SONAHATU,BARENDA,JINTUDIH
617,SONAHATU,BARENDA,CHARKUDIH
618,SONAHATU,BARENDA,BARENDA
619,SONAHATU,DULMI,MANKIDIH
620,SONAHATU,JAMUDAG,JAMUDAG
621,SONAHATU,PANDADIH,MAHIL
622,SONAHATU,PANDADIH,BARUHATU
623,SONAHATU,LANDUPDIH,LANDUPDIH
624,SONAHATU,JINTU,NAKIDIH
625,SONAHATU,JINTU,KURIYAMU
626,SONAHATU,JINTU,JINTU
627,SONAHATU,JILING SERENG,KONKADIH
628,SONAHATU,HARIN,BANKU
629,SONAHATU,JAMUDAG,MAGANDIH
630,SILLI,SILLI,SILLI
631,SONAHATU,JAMUDAG,JAHIRDIH
632,SONAHATU,JAMUDAG,IRKU
633,SONAHATU,JAMUDAG,HESAHATU
634,SONAHATU,JAMUDAG,CHOGA
635,SONAHATU,HESADIH,HESADIH
636,SONAHATU,HESADIH,CHOKAHATU
637,SONAHATU,HARIN,LOWADIH
638,SONAHATU,HARIN,JURGA
639,SONAHATU,JILING SERENG,JILINGSERENG
640,SILLI,LOWADAG,CHATAMBARI
641,SILLI,MURI (WEST),BABHAN DIH
642,SILLI,MURI (EAST),MURI
643,SILLI,MURI (EAST),KOKORANA
644,SILLI,LOWADAG,SARJAM DIH
645,SILLI,LOWADAG,PATKA
646,SILLI,LOWADAG,MAISUDIH
647,SILLI,LOWADAG,LOWADAG
648,SILLI,TUTKI,TUTKI
649,SILLI,LOWADAG,CHORDERA
650,SILLI,NAGE DIH,AJAY GARH
651,SILLI,LOWADAG,BARNATAR
652,SILLI,LOWADAG,BARKITAR
653,SILLI,LOTA,LOTA
654,SILLI,LOTA,KITA
655,SILLI,LOTA,KARMA
656,SILLI,LOTA,HARWA DIH
657,SILLI,KOCHO,SUNDIL
658,SILLI,KOCHO,ROHAR DAG
659,SILLI,LOWADAG,DOMENDIH
660,SILLI,PISKA,GARGAON
661,RATU,BIJULIA,BIJULIYA
662,SILLI,PISKA,PISKA
663,SILLI,PISKA,NIMUWA
664,SILLI,PISKA,MEDNI
665,SILLI,PISKA,LOWA DAG
666,SILLI,PISKA,LOSERA
667,SILLI,PISKA,LODHMU
668,SILLI,PISKA,KUSUMTIKERA
669,SILLI,MURI (WEST),KASHI DIH
670,SILLI,PISKA,JARA DIH
671,SILLI,MURI (WEST),TIRLA
672,SILLI,PATRAHATU,PATERAHATU
673,SILLI,PATRAHATU,KARIADIH
674,SILLI,PATRAHATU,GHAGHERA
675,SILLI,PATRAHATU,CHOTTACHANGRU
676,SILLI,NAGE DIH,NAGE DIH
677,SILLI,NAGE DIH,KHELARI
678,SILLI,NAGE DIH,BURHABAHERA
679,SILLI,TUTKI,HAHE LUPUNG
680,SILLI,PISKA,JARU
681,BUNDU,SUMANDIH,BURAHDIH
682,BUNDU,TAIMARA,DAMI
683,BUNDU,TAIMARA,DAHUDIH
684,BUNDU,TAIMARA,BERA
685,BUNDU,SUMANDIH,SUTILONG
686,BUNDU,SUMANDIH,SUMANDIH
687,BUNDU,SUMANDIH,SIRKADIH
688,BUNDU,SUMANDIH,LEPADIH
689,BURMU,BARE,SIDRAUL
690,BUNDU,SUMANDIH,ERAKIYA
691,BUNDU,TAIMARA,KOLANGHATU
692,BUNDU,SUMANDIH,BUNDU
693,BUNDU,RELADIH,TILAIMARCHA
694,BUNDU,RELADIH,PARAMDIH
695,BUNDU,RELADIH,KHUDIMADHUKAM
696,BUNDU,RELADIH,CHITODIH
697,BUNDU,RELADIH,BHORGADIH
698,BUNDU,RELADIH,BAHADIH
699,BUNDU,RELADIH,BAGHADIH
700,BUNDU,SUMANDIH,HETHBURADIH
701,BUNDU,TUNJU,AANEDIH
702,BUNDU,BARUHATU,BARUHATU
703,BURMU,BARE,KULWE
704,BURMU,BARE,DANDIYA
705,BURMU,BARE,BARE
706,BUNDU,TUNJU,TUNJU
707,BUNDU,TUNJU,PONGRA
708,BUNDU,TUNJU,KORAMBU
709,BUNDU,TUNJU,KARKADIH
710,BUNDU,TAIMARA,HANJED
711,BUNDU,TUNJU,AMJORA
712,BUNDU,TAIMARA,HUSERHATU
713,BUNDU,TAU,TAU
714,BUNDU,TAU,DAMARI
715,BUNDU,TAU,DALKIDIH
716,BUNDU,TAIMARA,TAIMARA
717,BUNDU,TAIMARA,PANCHA
718,BUNDU,TAIMARA,MURGIDIH
719,BUNDU,TAIMARA,LABGA
720,BUNDU,KANCHI,KANCHI
721,BUNDU,TUNJU,BAREDIH
722,BUNDU,CHURGI,LOWAHATU
723,BUNDU,KANCHI,PAWADIH
724,BUNDU,GABHARIYA,JAMGAMI
725,BUNDU,GABHARIYA,HESAPIRI
726,BUNDU,GABHARIYA,HALLUDIH
727,BUNDU,GABHARIYA,GHAGHRABERA
728,BUNDU,GABHARIYA,GABHARIYA
729,BUNDU,GABHARIYA,BHURKUNDA
730,BUNDU,GABHARIYA,BESRADIH
731,BUNDU,GABHARIYA,KAJIBARU
732,BUNDU,CHURGI,PANSKAM
733,BUNDU,GABHARIYA,KUCHIDIH
734,BUNDU,CHURGI,CHURGI
735,BUNDU,BARUHATU,TIRILDIHTOLI
736,BUNDU,BARUHATU,REDA
737,BUNDU,BARUHATU,KORDA
738,BUNDU,BARUHATU,JILUTIKAR
739,BUNDU,BARUHATU,HUWANGHATU
740,BUNDU,BARUHATU,DARUHATU
741,CHANHO,CHAMA,RAMDAGA
742,BUNDU,CHURGI,SARJAMDIH
743,BUNDU,HUMTA,BARUHATU
744,BURMU,BURHMU,BANGAON
745,BUNDU,KANCHI,GUTUHATU
746,BUNDU,KANCHI,GOSAIDIH
747,BUNDU,KANCHI,BURUDIH
748,BUNDU,KANCHI,BHABHARI
749,BUNDU,KANCHI,ALNA
750,BUNDU,HUMTA,MADHUKAMA
751,BUNDU,HUMTA,LOTEHATU
752,BUNDU,GABHARIYA,KADRUDIH
753,BUNDU,HUMTA,HUMTA
754,BUNDU,KANCHI,NEWRI
755,BUNDU,HUMTA,BARKOLMA
756,BUNDU,GABHARIYA,ULIDA
757,BUNDU,GABHARIYA,SINGHAREDIH
758,BUNDU,GABHARIYA,ROREDIH
759,BUNDU,GABHARIYA,RAMTOLI
760,BUNDU,GABHARIYA,NEHALGARAH
761,BUNDU,GABHARIYA,NAWADIH
762,BUNDU,GABHARIYA,MOESUDIH
763,BUNDU,HUMTA,JARIYA
764,BURMU,MURUPIRI,MURGI
765,BURMU,OJHA SARAM,SARAM
766,BURMU,OJHA SARAM,OJHASARAM
767,BURMU,OJHA SARAM,MUNA
768,BURMU,OJHA SARAM,LOTHMANA
769,BURMU,OJHA SARAM,KARAMBA
770,BURMU,OJHA SARAM,ADADEWARKHAND
771,BURMU,MURUPIRI,USKU
772,BURMU,BARE,NAUJ
773,BURMU,MURUPIRI,MURUPIRI
774,BURMU,SARLEY,KANDER
775,BURMU,MURUPIRI,KASKOMA
776,BURMU,MURUPIRI,CHANYA
777,BURMU,MAKKA,ULATU
778,BURMU,MAKKA,SIRAM
779,BURMU,MAKKA,MAKKA
780,BURMU,MAKKA,KEDLI
781,BURMU,MAKKA,KANADIH
782,BURMU,MAKKA,ICHAPIRI
783,BURMU,MURUPIRI,PATKAI
784,BURMU,UMEDANDA,UMEDANDA
785,CHANHO,CHAMA,CHORA
786,CHANHO,CHAMA,CHAMRANGA
787,CHANHO,CHAMA,CHAMA
788,CHANHO,BEYASI,SISAI
789,CHANHO,BEYASI,MADAI
790,CHANHO,BEYASI,KANJGI
791,CHANHO,BEYASI,GOKE
792,CHANHO,BEYASI,BEYASI
793,BURMU,SARLEY,AKTAN
794,CHANHO,BALSOKARA,BALSOKRA
795,BURMU,SARLEY,ARID
796,BURMU,UMEDANDA,SOSAI
797,BURMU,UMEDANDA,CHALNIYA (CHALANIYA)
798,BURMU,UMEDANDA,BARKAMURU
799,BURMU,UMEDANDA,ARUD
800,BURMU,SARLEY,SUMU
801,BURMU,SARLEY,SARLE
802,BURMU,SARLEY,KOEJAM
803,BURMU,KHAKHRA,KEWTIA
804,CHANHO,BALSOKARA,BIRRA
805,BURMU,CHAINGARHA,GUTRU
806,BURMU,MAKKA,HUTPAI
807,BURMU,CHAPRA,BINJA
808,BURMU,CHAKME,ROL
809,BURMU,CHAKME,MATWE
810,BURMU,CHAKME,CHAKME
811,BURMU,CHAKME,ARRA (ARARA)
812,BURMU,CHAINGARHA,SALHAN
813,BURMU,CHAINGARHA,LAWAGARA
814,BURMU,CHAPRA,CHURUGARA
815,BURMU,CHAINGARHA,KATANGDIRI
816,BURMU,CHAPRA,HENDAG
817,BURMU,CHAINGARHA,GESWE
818,BURMU,CHAINGARHA,CHAINGARA
819,BURMU,CHAINGARHA,ANATU
820,BURMU,BURHMU,PIRAGUTTU
821,BURMU,BURHMU,MURWE
822,BURMU,BURHMU,KOTARI
823,BURMU,BURHMU,HATNAI
824,BURMU,BURHMU,BURMU
825,BURMU,CHAINGARHA,KORI
826,BURMU,HESALPIRI,HESALPIRI
827,BUNDU,ADALHATU,SALGADIH
828,BURMU,KHAKHRA,HISRI
829,BURMU,KHAKHRA,BHANTBOREYA
830,BURMU,KHAKHRA,BARAUDI
831,BURMU,KHAKHRA,BANSRI
832,BURMU,HESALPIRI,TURMULI
833,BURMU,HESALPIRI,SURID
834,BURMU,HESALPIRI,SOBA
835,BURMU,CHAPRA,CHAPRA
836,BURMU,HESALPIRI,KORABAR
837,BURMU,KHAKHRA,KHAKHRA
838,BURMU,HESALPIRI,BERWARI
839,BURMU,GURGAI,MURUMGARA
840,BURMU,GURGAI,MOHANPUR
841,BURMU,GURGAI,ITHE
842,BURMU,GURGAI,GURGAIN
843,BURMU,GURGAI,ADRA
844,BURMU,GINJOTHAKURGAON,THAKURGAON
845,BURMU,CHAPRA,HERING
846,BURMU,HESALPIRI,MANATU
847,ANGARA,LUPUNG,HAHE
848,ANGARA,PAIKA,PAIKA
849,ANGARA,PAIKA,JARGA
850,ANGARA,NAVAGADH,RANGAMATI
851,ANGARA,NAVAGADH,OBER
852,ANGARA,NAVAGADH,NAWAGARH
853,ANGARA,NAVAGADH,NAVAGADHSOSO
854,ANGARA,NAVAGADH,BARKIGAURANG
855,BERO,CHACHKAPI,DURU
856,ANGARA,LUPUNG,LUPUNG
857,ANGARA,RAJADERA,RUPARU
858,ANGARA,LUPUNG,BAHEYA
859,ANGARA,JONHA,LAPSAR
860,ANGARA,JONHA,JONHA
861,ANGARA,JONHA,JIDDU
862,ANGARA,JONHA,JARA TOLI
863,ANGARA,JONHA,DOKAD
864,ANGARA,JONHA,DAHUWA
865,ANGARA,HESATU,MELGHOSA
866,ANGARA,LUPUNG,PIRTOL
867,ANGARA,SURSU,SINGARI
868,BUNDU,BARUHATU,BUCHADIH
869,BERO,CHACHKAPI,CHACHKAPI
870,BERO,BERO,BERO
871,BERO,BERO,BARIDIH
872,ANGARA,TATI,TATI
873,ANGARA,TATI,NAWADIH
874,ANGARA,TATI,MUNGADIH
875,ANGARA,TATI,JARADIH
876,ANGARA,RAJADERA,DHURLETA
877,ANGARA,SURSU,SURSU
878,ANGARA,RAJADERA,RAJADERA
879,ANGARA,SURSU,GUTTIDIH
880,ANGARA,SIRKA,SIRKA
881,ANGARA,SIRKA,MASNIYA
882,ANGARA,SIRKA,MAHESH PUR
883,ANGARA,SALHAN,TURUP
884,ANGARA,SALHAN,SALHAN
885,ANGARA,SALHAN,BER BARI
886,ANGARA,HESAL,JAMUARI
887,ANGARA,TATI,ARWABERA
888,ANGARA,BARHADAG,PAHAR SINGH
889,ANGARA,HESATU,HESATU
890,ANGARA,CHILDAG,CHILDAG SOSO
891,ANGARA,CHILDAG,CHILDAG
892,ANGARA,CHATRA,CHATRA
893,ANGARA,CHATRA,BURHIBERA
894,ANGARA,BOGAI BERA,BOGAIBERA
895,ANGARA,BOGAI BERA,BANPUR
896,ANGARA,BISHA,BISHA
897,ANGARA,CHILDAG,SIMALIYA
898,ANGARA,BARHADAG,SITADIH
899,ANGARA,GETALSUD,BANADAG
900,ANGARA,BARHADAG,MUSANGU
901,ANGARA,BARHADAG,KASIDIH
902,ANGARA,BARHADAG,DUMAR GARI
903,ANGARA,BARHADAG,BARWADAG
904,ANGARA,BARHADAG,ASARI
905,ANGARA,ANGARA,NARAYAN SOSO
906,ANGARA,ANGARA,JANUM
907,ANGARA,ANGARA,ANGARA
908,ANGARA,BISHA,BETI
909,ANGARA,GURIDIH,SARUGARI
910,BERO,CHACHKAPI,RORA ALIAS GARHATOLI
911,BUNDU,SUMANDIH,BICHAHATU
912,ANGARA,HARATU,SAHEDA
913,ANGARA,HARATU,NAGRABERA
914,ANGARA,HARATU,LADHUP
915,ANGARA,HARATU,JASPUR
916,ANGARA,HARATU,HARATU
917,ANGARA,HARATU,EDD
918,ANGARA,CHILDAG,LALGARH
919,ANGARA,HARATU,AGARTOLI
920,MANDAR,MANDAR,MANDAR
921,ANGARA,GURIDIH,MEDHA
922,ANGARA,GURIDIH,KOYNARDIH
923,ANGARA,GURIDIH,HESLA BERA
924,ANGARA,GURIDIH,HAPAT BERA
925,ANGARA,GURIDIH,GURIDIH
926,ANGARA,GETALSUD,RESHAM
927,ANGARA,GETALSUD,GETALSUD
928,ANGARA,GETALSUD,BUKI
929,ANGARA,HARATU,BAKSHIDIH
930,BERO,KESHA,TIKRATOLI
931,BERO,PURIYA,PURIYA
932,BERO,NEHALUKAPARIYA,ROGO
933,BERO,NEHALUKAPARIYA,ROGHADIHPATRATOLI
934,BERO,NEHALUKAPARIYA,NEHALUKAPARIYA
935,BERO,NEHALUKAPARIYA,KENAVITA
936,BERO,NEHALUKAPARIYA,GADARI
937,BERO,NEHALUKAPARIYA,DUMRI
938,BERO,CHACHKAPI,CHANGANI
939,BERO,KHUKHRA,CHANKAPI
940,BERO,TERO,IDRI
941,BERO,KESHA,NARI
942,BERO,KESHA,KESA
943,BERO,KARKARI,NARKOPI
944,BERO,KARKARI,MAKUNDA
945,BERO,KARKARI,KHANRDIURI
946,BERO,KARKARI,KARKARI
947,BERO,KARKARI,BHAINSADON
948,BERO,KARANJI,NAGRI
949,BERO,KHUKHRA,KHUKHRA
950,BERO,TUTLO,ITA
951,BUNDU,ADALHATU,JOJDA
952,BUNDU,ADALHATU,CHITRU
953,BUNDU,ADALHATU,CHHOTKOLMA
954,BUNDU,ADALHATU,CHARKA PAKHNA
955,BUNDU,ADALHATU,BANAGURU
956,BUNDU,ADALHATU,ARRADIH
957,BUNDU,ADALHATU,ADALHATU
958,BERO,TUTLO,TUTLO
959,BERO,PURIYA,SEMRA
960,BERO,TUTLO,KOTPALI
961,BERO,TERO,BANRI
962,BERO,TUTLO,DARSITA
963,BERO,TUTLO,CHAPADIH
964,BERO,TUTLO,CHANHO
965,BERO,TUTLO,BALIRAMPUR
966,BERO,TERO,TERO
967,BERO,TERO,MAHUGAON
968,BERO,TERO,KUDARKO
969,BERO,JARIYA,TENGRIYA
970,BERO,TUTLO,MASIATU
971,BERO,GHAGHRA,ASRO
972,BERO,KARANJI,KHATRI KHATANGA
973,BERO,HARIHARPUR JAMTOLI,BHASNANDA
974,BERO,GHAGHRA,SUARTOLI
975,BERO,GHAGHRA,SINGARSARAI
976,BERO,GHAGHRA,SIJHUWA
977,BERO,GHAGHRA,MADHUPUR
978,BERO,GHAGHRA,KONKRE
979,BERO,GHAGHRA,KAIRO
980,BERO,HARIHARPUR JAMTOLI,HARHANJI
981,BERO,GHAGHRA,DUMARDON
982,BERO,HARIHARPUR JAMTOLI,HARIHARPUR JAMTOLI
983,BERO,DORANDA,SERO
984,BERO,DORANDA,KARGE
985,BERO,DORANDA,DORANDA
986,BERO,DORANDA,BILTI
987,BERO,DORANDA,BAID KHIJRI
988,BERO,DIGHIYA,TUKO
989,BERO,DIGHIYA,TENGRIYA
990,BERO,DIGHIYA,DIGHIYA
991,BERO,GHAGHRA,GHAGHRA
992,BERO,ITA,HUTRI
993,ANGARA,HESAL,MASU
994,BERO,JARIYA,MURAMU
995,BERO,JARIYA,MASU
996,BERO,JARIYA,KATARMALI
997,BERO,JARIYA,JARIYA
998,BERO,JARIYA,HULSI
999,BERO,ITA,LAMKANA
1000,BERO,ITA,KHIRDA
1001,BERO,HARIHARPUR JAMTOLI,BODA
1002,BERO,ITA,ITA
1003,BERO,KARANJI,KARANJI
1004,BERO,ITA,HATHU
1005,BERO,ITA,CHILDIRI
1006,BERO,ITA,CHARMA
1007,BERO,HARIHARPUR JAMTOLI,PANDRA
1008,BERO,HARIHARPUR JAMTOLI,MAHRU
1009,BERO,HARIHARPUR JAMTOLI,JAMUNI
1010,BERO,HARIHARPUR JAMTOLI,JAHANABAJ
1011,BERO,HARIHARPUR JAMTOLI,HUTAR
1012,BERO,ITA,KADOJORA
1013,LAPUNG,BOKRANDA,GARI
1014,KHALARI,MAYAPUR,KONKA
1015,LAPUNG,DANEKERA,SARANGLOYA
1016,LAPUNG,DANEKERA,PARSA
1017,LAPUNG,DANEKERA,KOINARA
1018,LAPUNG,DANEKERA,KATINGKELA
1019,LAPUNG,DANEKERA,DANEKERA
1020,LAPUNG,BOKRANDA,PABIRA
1021,LAPUNG,BOKRANDA,LOHAGARA
1022,LAPUNG,DARI,AKUMROMA
1023,LAPUNG,BOKRANDA,LALGANJ
1024,LAPUNG,DARI,DARI
1025,LAPUNG,BOKRANDA,BARKAKURA
1026,LAPUNG,BOKRANDA,BARAIDIH
1027,LAPUNG,BOKRANDA,BAKRONDA
1028,KHALARI,VISHRAMPUR,VISHRAMPUR
1029,KHALARI,TUMANG,TUMANG
1030,KHALARI,TUMANG,KARKATTA
1031,KHALARI,RAY,RAY
1032,LAPUNG,HULSU,HULSU
1033,LAPUNG,BOKRANDA,LETE
1034,LAPUNG,DEWGAWN,SARSA
1035,KANKE,SUKURHUTU SOUTH,SUKURHUTU SOUTH
1036,LAPUNG,DOLAICHA,LODHMA
1037,LAPUNG,DOLAICHA,GARA
1038,LAPUNG,DOLAICHA,DOLAICHA
1039,LAPUNG,DOLAICHA,DIMBA
1040,LAPUNG,DOLAICHA,ARMALATDAG
1041,LAPUNG,DEWGAWN,TILAI
1042,LAPUNG,DEWGAWN,TABERKHURD
1043,LAPUNG,DANEKERA,SUKURHUTU
1044,LAPUNG,DEWGAWN,SEHEDA
1045,KHALARI,MAYAPUR,KEDAL
1046,LAPUNG,DEWGAWN,SAKARPUR
1047,LAPUNG,DEWGAWN,POLA
1048,LAPUNG,DEWGAWN,DEWGAON
1049,LAPUNG,DARI,POKTA
1050,LAPUNG,DARI,MURUP
1051,LAPUNG,DARI,MANRI
1052,LAPUNG,DARI,KOISARA
1053,LAPUNG,DARI,KARUM
1054,LAPUNG,DEWGAWN,TABERKALAN
1055,KANKE,ULATU,ULATU
1056,KHALARI,MAYAPUR,MAYAPUR
1057,KANKE,URGUTTU,MENRHI
1058,KANKE,URGUTTU,BENTI
1059,KANKE,URGUTTU,BAGDA
1060,KANKE,UPPER KONKI,UPPER KONKI
1061,KANKE,UPPER KONKI,PUSU
1062,KANKE,UPPER KONKI,MURETHA
1063,KANKE,UPPER KONKI,MARWA
1064,KANKE,URGUTTU,URUGUTTU
1065,KANKE,UPPER KONKI,CHIRUA
1066,KHALARI,BAMNE,BABHNE (BAMNE)
1067,KANKE,ULATU,SOSO
1068,KANKE,ULATU,CHAULI
1069,KANKE,ULATU,CHARDI
1070,KANKE,ULATU,BANHORA
1071,KANKE,SUNDIL,SUNDIL
1072,KANKE,SUNDIL,NAVA SOSO
1073,KANKE,SUNDIL,DHANAISOSO
1074,KANKE,SUNDIL,CHATAKPUR
1075,KANKE,UPPER KONKI,JIDDU
1076,KHALARI,CHURI (NORTH-WEST),CHURI
1077,KHALARI,MAYAPUR,HARHU
1078,KHALARI,MAYAPUR,DULI
1079,KHALARI,LAPRA,NAWADIH
1080,KHALARI,LAPRA,MAHULIYA
1081,KHALARI,LAPRA,LAPRA
1082,KHALARI,LAPRA,HESALANG
1083,KHALARI,KHELARI,KHELARI
1084,KHALARI,HUTAP,HUTAP
1085,KANKE,URGUTTU,PATRATU
1086,KHALARI,CHURI (SOUTH),CHURI
1087,LAPUNG,HULSU,JARIYA
1088,KHALARI,CHURI (NORTH-EAST),CHURI
1089,KHALARI,CHURI (NORTH),CHURI
1090,KHALARI,CHURI (MIDDLE),CHURI
1091,KHALARI,BUKBUKA,HOYAR
1092,KHALARI,BUKBUKA,CHURI
1093,KHALARI,BUKBUKA,BUKBUKA
1094,KHALARI,BAMNE,MANATU
1095,KHALARI,BAMNE,DONDU
1096,KHALARI,CHURI (SOUTH),HOYAR
1097,MANDAR,BARGARI,SEWADIH
1098,MANDAR,BANJHILA,BANJHILA
1099,MANDAR,KAIMBO,GURGURJARI
1100,MANDAR,JHINJHARI,TOTAMBI
1101,MANDAR,JHINJHARI,SAKARPADA
1102,MANDAR,JHINJHARI,KORAMBE
1103,MANDAR,JHINJHARI,JHINGHRI
1104,MANDAR,BISAHAKHATANGA,MURKUNI
1105,MANDAR,BISAHAKHATANGA,HARIL
1106,MANDAR,KAIMBO,MURJULI
1107,MANDAR,BISAHAKHATANGA,BISHAKHATANGA
1108,MANDAR,KAIMBO,SARGAON
1109,MANDAR,BARGARI,KESKANI
1110,MANDAR,BARGARI,JAHER
1111,MANDAR,BARGARI,BARGARI
1112,MANDAR,BARAMBE,TIKOTOLI
1113,MANDAR,BARAMBE,MALTOLI
1114,MANDAR,BARAMBE,CHUND
1115,MANDAR,BARAMBE,BARAMBE
1116,LAPUNG,HULSU,CHALANGI
1117,MANDAR,BISAHAKHATANGA,GORKHO
1118,MANDAR,MAHUAJARI,BANDO
1119,MANDAR,MALTI,MALTI
1120,MANDAR,MANDAR,KATCHANCHO
1121,ANGARA,HESAL,HESAL
1122,CHANHO,CHATWAL,CHATWAL
1123,MANDAR,MALTI,CHATWAL
1124,MANDAR,MAHUAJARI,NAWATANR
1125,MANDAR,MAHUAJARI,MAHUAJARI
1126,MANDAR,MAHUAJARI,KANIJARI
1127,MANDAR,KAIMBO,KAIMBO
1128,MANDAR,MAHUAJARI,BANSJARI
1129,LAPUNG,SAPUKERA,SOHAGI
1130,MANDAR,LOYO SAKARA,SAKRA
1131,MANDAR,LOYO SAKARA,LOIYO
1132,MANDAR,KARGE,REGE
1133,MANDAR,KARGE,KARGE
1134,MANDAR,KARGE,HATMA
1135,MANDAR,KANJIYA,SOSAI
1136,MANDAR,KANJIYA,PUNGI
1137,MANDAR,KANJIYA,KANJIYA
1138,MANDAR,MAHUAJARI,DARJIJARI
1139,LAPUNG,KAKARIYA,SEMLA
1140,MANDAR,BANJHILA,BURHAKHUKHRA
1141,LAPUNG,MAHUGAON,BANKAKERA
1142,LAPUNG,LATRATU,TIGRA
1143,LAPUNG,LATRATU,TETRA
1144,LAPUNG,LATRATU,NAWATOLI
1145,LAPUNG,LATRATU,LATRATU
1146,LAPUNG,LATRATU,DARANDA
1147,LAPUNG,LATRATU,DADGO
1148,LAPUNG,MAHUGAON,CHALHA
1149,LAPUNG,KAKARIYA,UNEKEL
1150,LAPUNG,MAHUGAON,GUDGUD
1151,LAPUNG,KAKARIYA,KURKURIYA
1152,LAPUNG,KAKARIYA,KHATANGA
1153,LAPUNG,KAKARIYA,KANDARKEL
1154,LAPUNG,KAKARIYA,KAKARIYA
1155,LAPUNG,KAKARIYA,DURU
1156,LAPUNG,KAKARIYA,CHAMPADIH
1157,LAPUNG,HULSU,ULGARA
1158,LAPUNG,HULSU,KATHKUNWARI
1159,LAPUNG,LATRATU,BALANDU
1160,LAPUNG,MALGO,MALGO
1161,LAPUNG,SAPUKERA,SAPUKERA
1162,LAPUNG,SAPUKERA,LAPUNG
1163,LAPUNG,SAPUKERA,KALJE
1164,LAPUNG,SAPUKERA,GATEATOLI
1165,LAPUNG,SAPUKERA,GARAI
1166,LAPUNG,SAPUKERA,FATEHPUR
1167,LAPUNG,SAPUKERA,CHANPI
1168,LAPUNG,SAPUKERA,BARAGAIN
1169,LAPUNG,MAHUGAON,BURHNI
1170,LAPUNG,MALGO,PANDU
1171,MANDAR,JHINJHARI,TATKUNDO
1172,LAPUNG,MALGO,JHIKI
1173,LAPUNG,MALGO,JATALOYA
1174,LAPUNG,MALGO,BIRAMKEL
1175,LAPUNG,MAHUGAON,TAPKARA
1176,LAPUNG,MAHUGAON,TANGARKELA
1177,LAPUNG,MAHUGAON,OREKEL
1178,LAPUNG,MAHUGAON,MAHUGAON
1179,LAPUNG,MAHUGAON,JAMAKEL
1180,LAPUNG,MALGO,RAITOLI
1181,CHANHO,TANGAR,TANGAR
1182,CHANHO,SONS,SONS
1183,ITKI,CHINARO PURIYO,LAWAGAIN
1184,ITKI,CHINARO PURIYO,KHAMBHA
1185,ITKI,CHINARO PURIYO,HARMU
1186,ITKI,CHINARO PURIYO,DOLA
1187,ITKI,CHINARO PURIYO,CHINARO
1188,CHANHO,TARANGA,TARANGA
1189,CHANHO,TARANGA,SOPARAM
1190,ITKI,CHINARO PURIYO,PURIYA
1191,CHANHO,TARANGA,HARRA
1192,ITKI,CHINARO PURIYO,SAUKA
1193,CHANHO,TANGAR,HUTAR
1194,CHANHO,TANGAR,BEJANG
1195,CHANHO,TALA,TALA
1196,CHANHO,TALA,KARAMBO
1197,CHANHO,TALA,KAMTA
1198,CHANHO,TALA,HATRI
1199,CHANHO,TALA,BADRI
1200,KANKE,ARSUNDAY,ARSUNDAY
1201,CHANHO,TARANGA,LEPSAR
1202,ITKI,KULI,TILAKSUTI
1203,ITKI,RANIKHATANGA,TURGURU
1204,ITKI,RANIKHATANGA,RANIKHATANGA
1205,ITKI,KURGI,TARGARI
1206,ITKI,KURGI,SEMRA
1207,ITKI,KURGI,PALMA
1208,ITKI,KURGI,KURGI
1209,ITKI,KUNDI,MALAR
1210,ITKI,KUNDI,KUNDI
1211,ITKI,CHINARO PURIYO,LUPUNGA
1212,ITKI,KUNDI,BARIDIH
1213,CHANHO,SONS,PATUK
1214,ITKI,KULI,RANIDIH
1215,ITKI,KULI,KULI
1216,ITKI,KULI,BHANDRA
1217,ITKI,ITKI WEST,ITKI WEST
1218,ITKI,ITKI EAST,ITKITHAKURGOAN
1219,ITKI,GARHAGAON,GARHAGAON
1220,ITKI,GARHAGAON,CHACHGURA
1221,ITKI,CHINARO PURIYO,SUGDA
1222,ITKI,KUNDI,BINDHANI
1223,CHANHO,KARKAT,RANICHANCHO
1224,CHANHO,TALA,BACHHAU
1225,CHANHO,MURTO,MURTO
1226,CHANHO,MURTO,MELANI
1227,CHANHO,MURTO,HONDPIRI
1228,CHANHO,MURTO,CHUTYO
1229,CHANHO,LUNDRI,SUKURHUTTE
1230,CHANHO,LUNDRI,LUNDRI
1231,CHANHO,LUNDRI,KATAIYA
1232,CHANHO,PATRATU,BETLANGI
1233,CHANHO,KARKAT,SONCHIPI
1234,CHANHO,PATRATU,PATRATU
1235,CHANHO,KARKAT,KARKAT
1236,CHANHO,CHOREYA,NUNHU
1237,CHANHO,CHOREYA,MADHUKAM
1238,KANKE,SUKURHUTU NORTH,SUKURHUTU NORTH
1239,CHANHO,CHATWAL,MASMANO
1240,CHANHO,CHATWAL,PAKARIA
1241,CHANHO,CHOREYA,CHOREYA
1242,CHANHO,CHATWAL,RAKADIH
1243,CHANHO,LUNDRI,BARHE
1244,CHANHO,ROL (ROLA),CHALIYO
1245,CHANHO,SONS,OPA
1246,CHANHO,SONS,LUPUNGA
1247,CHANHO,SONS,CHANHO
1248,CHANHO,SONS,BUCHAOPA
1249,CHANHO,SILAGAI,SILAGAIN
1250,CHANHO,SILAGAI,NAUDI
1251,CHANHO,SILAGAI,HURHURI
1252,CHANHO,ROL (ROLA),ROL (ROLA)
1253,CHANHO,PATRATU,ARA
1254,CHANHO,ROL (ROLA),GUTUA
1255,CHANHO,MURTO,KULLU
1256,CHANHO,RAGHUNATHPUR,RAGHUNATHPUR
1257,CHANHO,RAGHUNATHPUR,KOKO
1258,CHANHO,RAGHUNATHPUR,JAIPUR
1259,CHANHO,RAGHUNATHPUR,GANESHPUR
1260,CHANHO,PONDRI,SONRKHAP
1261,CHANHO,PONDRI,PONDRI
1262,CHANHO,PONDRI,LURANGI
1263,CHANHO,PONDRI,HONHE
1264,CHANHO,ROL (ROLA),MAHTHATOLI
1265,KANKE,KEDAL,GETLATU
1266,KANKE,KOKODARO,KOKDARO
1267,KANKE,KOKODARO,CHETAR
1268,KANKE,KOKODARO,CHAIN KHATANGA
1269,KANKE,KOKODARO,BALU
1270,KANKE,KHATANGA,PIRTAUL
1271,KANKE,KHATANGA,LALGANJ
1272,KANKE,KHATANGA,KHATANGA
1273,KANKE,JAIPUR,KAMTA
1274,KANKE,KEDAL,HUMBAI
1275,KANKE,MALSIRING,MALSIRING
1276,KANKE,KATAMKULI,KATAMKULI
1277,KANKE,KANKE WEST,KANKE WEST
1278,KANKE,KANKE SOUTH,KANKE SOUTH
1279,KANKE,KANKE NORTH,KANKE NORTH
1280,KANKE,KAMRE,KAMRE
1281,KANKE,KAMRE,DAHISOT
1282,KANKE,KAMRE,BANHARA
1283,KANKE,JAIPUR,KANGE
1284,KANKE,KEDAL,KEDAL
1285,KANKE,NEORI,NEORI
1286,KANKE,SAT KANADU,BATTA KANADU
1287,KANKE,SAT KANADU,KOLHA KANADU
1288,KANKE,SAT KANADU,KUMHARIYA
1289,KANKE,BADU,BADU
1290,KANKE,SAT KANADU,SAT KANADU
1291,KANKE,SIMALIYA,SIMALIYA
1292,KANKE,RAHARA,SUTIAMBE
1293,KANKE,RAHARA,RAHARA
1294,KANKE,KOKODARO,OKHARGARHA
1295,KANKE,PITHORIYA,PITHORIYA
1296,KANKE,MALSIRING,KARKATA
1297,KANKE,MESHRA WEST,MESHRA WEST
1298,KANKE,MESHRA EAST,MESHRA
1299,KANKE,MANATU,MANATU
1300,KANKE,MANATU,CHERI
1301,KANKE,MALSIRING,SIRANGO
1302,KANKE,MALSIRING,SANGA
1303,KANKE,MALSIRING,MANHA
1304,KANKE,MANATU,TENDAR
1305,KANKE,RAHARA,MADAN PUR
1306,KANKE,CHANDWE,OYANA
1307,KANKE,FUTKAL TOLI,PIRRA
1308,KANKE,FUTKAL TOLI,JHIRI
1309,KANKE,CHUTTU,PATARATU
1310,KANKE,ECHAPIDHI,HETH KONKI
1311,KANKE,JAIPUR,KADMA
1312,KANKE,DUMAR DAGGA,SUGANU
1313,KANKE,BADU,BUKARU
1314,KANKE,DUMAR DAGGA,DUMAR DAGGA
1315,KANKE,FUTKAL TOLI,TILTA
1316,KANKE,CHUTTU,CHUTTU
1317,KANKE,FUTKAL TOLI,FUTKAL TOLI
1318,KANKE,CHANDWE,DUBLIYA ALIAS DUGLIYA
1319,KANKE,CHANDWE,CHANDWE
1320,KANKE,BODEYA,SANGRAMPUR
1321,KANKE,MESHRA EAST,RUDIA
1322,KANKE,BADU,CHAMA
1323,KANKE,BODEYA,BODEYA
1324,KANKE,BADU,PATAGAI
1325,KANKE,BADU,JAMUARI
1326,KANKE,CHUTTU,RANDO
1327,KANKE,HUNDUR,HUNDUR
1328,KANKE,JAIPUR,JAIPUR
1329,KANKE,JAIPUR,GARU
1330,KANKE,HUSIR,ROLL
1331,KANKE,HUSIR,NAGARI
1332,KANKE,HUSIR,HUSIR
1333,KANKE,BADU,NAWADIH
1334,KANKE,HUSIR,EKAMBA
1335,KANKE,ECHAPIDHI,ECHAPIDHI
1336,KANKE,HUNDUR,SIDHI
1337,KANKE,GAGI,CHAMGURU
1338,KANKE,HUNDUR,HUJIR
1339,KANKE,HUNDUR,HALDAMA
1340,KANKE,GAGI,GAGI
1341,KANKE,HUNDUR,GOBAR HAPPA
1342,KANKE,HUNDUR,CHARI
1343,KANKE,HOCHAR,MURUM
1344,KANKE,HOCHAR,HOCHAR
1345,KANKE,GAGI,KHATANGA
Sl.No,Panchayat/Ward
,ACHUDIH
,ADALHATU
,AMBAJHARIA
,AMLESHA
,ANGARA
,ARA
,ARAHANGA
,ARSUNDAY
,BADU
,BAJPUR
,BALA LONG
,BALSOKARA
,BAMNE
,BANAPIRI
,BANDHUA
,BANJHILA
,BANSA ROLI
,BANSIYA
,BANTAHAJAM (EAST)
,BANTAHAJAM (WEST)
,BARACHANGRU
,BARAM
,BARAMBE
,BARE
,BARENDA
,BARGARI
,BARGAWAN
,BARHADAG
,BARUHATU
,BARWE
,BASANTPUR
,BERO
,BEYASI
,BIJULIA
,BIRGAON
,BIRIDIH
,BISAHAKHATANGA
,BISHA
,BISRIA
,BODEYA
,BOGAI BERA
,BOKRANDA
,BUKBUKA
,BUNDU
,BURHMU
,CHACHKAPI
,CHAINGARHA
,CHAKLA
,CHAKME
,CHAMA
,CHANDAGHASI
,CHANDRA
,CHANDWE
,CHAPRA
,CHARU
,CHATRA
,CHATWAL
,CHETE
,CHILDAG
,CHINARO PURIYO
,CHIPRA
,CHOREYA
,CHURGI
,CHURI (MIDDLE)
,CHURI (NORTH)
,CHURI (NORTH-EAST)
,CHURI (NORTH-WEST)
,CHURI (SOUTH)
,CHUTTU
,CHUTU PALU
,DANEKERA
,DARI
,DEWGAWN
,DEWRI
,DIGHIYA
,DIMBUJARDA
,DOKAD
,DOLAICHA
,DORANDA
,DULMI
,DUMAR DAGGA
,DUNGRI
,DWARU
,ECHAPIDHI
,ERCHORA
,FUTKAL TOLI
,GABHARIYA
,GAGARI
,GAGI
,GARHAGAON
,GETALSUD
,GHAGHRA
,GINJOTHAKURGAON
,GOLAO
,GORADIH
,GURGAI
,GURIDIH
,GURU
,HAHAP
,HAKE DAG
,HALMAD
,HARAM LOHAR
,HARATU
,HARDAG
,HARIHARPUR JAMTOLI
,HARIN
,HESADIH
,HESAL
,HESALPIRI
,HESATU
,HINDBELLY
,HOCHAR
,HOSLO
,HOTLO
,HUANGHATU
,HULSU
,HUMTA
,HUNDUR
,HURHURI
,HURUA
,HUSIR
,HUTAP
,ICHADAG
,IRBA
,ITA
,ITKI EAST
,ITKI WEST
,JAIDIHA
,JAIPUR
,JAMUDAG
,JANAM PIRI
,JARGO
,JARIYA
,JHINJHARI
,JILING SERENG
,JINTU
,JONHA
,KAIMBO
,KAKARIYA
,KAMRE
,KANCHI
,KANJIYA
,KANKE NORTH
,KANKE SOUTH
,KANKE WEST
,KARANJI
,KARGE
,KARKARI
,KARKAT
,KARMA
,KATAMKULI
,KATU
,KEDAL
,KESHA
,KHAKHRA
,KHATANGA
,KHELARI
,KHIJRI
,KHUKHRA
,KOCHO
,KOKODARO
,KUCHU
,KUDLUM
,KULI
,KUNDI
,KUNDLA
,KURGI
,KURKUTTA
,KUTE
,KUTIATU
,LAHNA
,LALGUTUA
,LALI
,LALKHATANGA
,LANDUPDIH
,LAPRA
,LAPUNG
,LATRATU
,LOTA
,LOWADAG
,LOWAHATU
,LOYO SAKARA
,LUNDRI
,LUNGTU
,LUPUNG
,MAHILONG
,MAHUAJARI
,MAHUGAON
,MAKKA
,MALAHAN BHUIA DIH
,MALGO
,MALSIRING
,MALTI
,MANATU
,MANDAR
,MANDRO
,MANKI DIH
,MARDHAN
,MAYAPUR
,MESHRA EAST
,MESHRA WEST
,MURI (EAST)
,MURI (WEST)
,MURMA
,MURTO
,MURUPIRI
,NAGARI
,NAGE DIH
,NAGRA
,NARO
,NAVAGADH
,NAWADIH
,NAWATOLI
,NEHALUKAPARIYA
,NEORI
,OJHA SARAM
,ORMANJHI
,PAIKA
,PALI
,PANCHA
,PANDADIH
,PARASI
,PATRAHATU
,PATRATU
,PERAI DIH
,PIRA
,PISKA
,PITHORIYA
,PONDRI
,PUNDIDIRI
,PURIO
,PURIYA
,RAGHUNATHPUR
,RAGRA BARANG
,RAHARA
,RAHE
,RAJADERA
,RAJAULLATU
,RAMPUR
,RANIKHATANGA
,RARGAON
,RATU EAST
,RATU NORTH
,RATU SOUTH
,RATU WEST
,RAY
,RELADIH
,ROL (ROLA)
,SADAMA
,SAHER
,SALHAN
,SAPUKERA
,SARJAMDIH
,SARLEY
,SARWA
,SAT KANADU
,SATAKI
,SIDROUL
,SILAGAI
,SILLI
,SILWAI
,SIMALIYA
,SIRKA
,SITHIO
,SONAHATU
,SONS
,SOPARAM
,SOUDAG
,SUKURHUTU NORTH
,SUKURHUTU SOUTH
,SUMANDIH
,SUNDIL
,SURSA
,SURSU
,TAIMARA
,TALA
,TAMAR
,TAMAR EAST
,TAMAR WEST
,TANGAR
,TANGARBASULI
,TARANGA
,TARUP
,TATAI EAST
,TATI
,TATI WEST
,TATISILWAY
,TAU
,TELWADIH
,TERO
,TETLA
,TIGOIAMBATOLI
,TIGRA
,TUMANG
,TUNDAHULI
,TUNDIL NORTH
,TUNDIL SOUTH
,TUNJU
,TUTKI
,TUTLO
,ULATU
,ULI LOHAR
,ULLI DIH
,UMEDANDA
,UPPER KONKI
,URGUTTU
,VISHRAMPUR
,,
,,
,,
,,
,,
,,
,,
,,
,,
,,
,,
,,
,,
,,
,,
,,
,,
,,
,,
,,
,,
,,
,,
,,
,,
,,
,,
,,
,,
,,
,,
,,
,,
,,
,,
,,
,,
,,
,,
,,
,,
,,
,,
,,
,,
,,
,,
,,
,,
,,
,,
,,
,,
,,
,,
,,
,,
,,
,,
,,
,,
,,
,,
,,
,,
,,
,,
,,
,,
,,
,,
,,
,,
,,
,,
,,
,,
,,
,,
,,
,,
,,
,,
,,
,,
,,
,,
,,
,,
,,
,,
,,
,,
,,
,,
,,
,,
,,
,,
,,
,,
,,
,,
,,
,,
,,
,,
,,
,,
,,
,,
,,
,,
,,
,,
,,
,,
,,
,,
,,
,,
,,
,,
,,
,,
,,
,,
,,
,,
,,
,,
,,
,,
,,
,,
,,
,,
,,
,,
,,
,,
,,
,,
,,
,,
,,
,,
,,
,,
,,
,,
,,
,,
,,
,,
,,
,,
,,
,,
,,
,,
,,
,,
,,
,,
,,
,,
,,
,,
,,
,,
,,
,,
,,
,,
,,
,,
,,
,,
,,
,,
,,
,,
,,
,,
,,
,,
,,
,,
,,
,,
,,
,,
,,
,,
,,
,,
,,
,,
,,
,,
,,
,,
,,
,,
,,
,,
,,
,,
,,
,,
,,
,,
,,
,,
,,
,,
,,
,,
,,
,,
,,
,,
,,
,,
,,
,,
,,
,,
,,
,,
,,
,,
,,
,,
,,
,,
,,
,,
,,
,,
,,
,,
,,
,,
,,
,,
,,
,,
,,
,,
,,
,,
,,
,,
,,
,,
,,
,,
,,
,,
,,
,,
,,
,,
,,
,,
,,
,,
,,
,,
,,
,,
,,
,,
,,
,,
,,
,,
,,
,,
,,
,,
,,
,,
,,
,,
,,
,,
,,
,,
,,
,,
,,
,,
,,
,,
,,
,,
,,
,,
,,
,,
,,
,,
,,
,,
,,
,,
,,
,,
,,
,,
,,
,,
,,
,,
,,
,,
,,
,,
,,
,,
,,
,,
,,
,,
,,
,,
,,
,,
,,
,,
,,
,,
,,
,,
,,
,,
,,
,,
,,
,,
,,
,,
,,
,,
,,
,,
,,
,,
,,
,,
,,
,,
,,
,,
,,
,,
,,
,,
,,
,,
,,
,,
,,
,,
,,
,,
,,
,,
,,
,,
,,
,,
,,
,,
,,
,,
,,
,,
,,
,,
,,
,,
,,
,,
,,
,,
,,
,,
,,
,,
,,
,,
,,
,,
,,
,,
,,
,,
,,
,,
,,
,,
,,
,,
,,
,,
,,
,,
,,
,,
,,
,,
,,
,,
,,
,,
,,
,,
,,
,,
,,
,,
,,
,,
,,
,,
,,
,,
,,
,,
,,
,,
,,
,,
,,
,,
,,
,,
,,
,,
,,
,,
,,
,,
,,
,,
,,
,,
,,
,,
,,
,,
,,
,,
,,
,,
,,
,,
,,
,,
,,
,,
,,
,,
,,
,,
,,
,,
,,
,,
,,
,,
,,
,,
,,
,,
,,
,,
,,
,,
,,
,,
,,
,,
,,
,,
,,
,,
,,
,,
,,
,,
,,
,,
,,
,,
,,
,,
,,
,,
,,
,,
,,
,,
,,
,,
,,
,,
,,
,,
,,
,,
,,
,,
,,
,,
,,
,,
,,
,,
,,
,,
,,
,,
,,
,,
,,
,,
,,
,,
,,
,,
,,
,,
,,
,,
,,
,,
,,
,,
,,
,,
,,
,,
,,
,,
,,
,,
,,
,,
,,
,,
,,
,,
,,
,,
,,
,,
,,
,,
,,
,,
,,
,,
,,
,,
,,
,,
,,
,,
,,
,,
,,
,,
,,
,,
,,
,,
,,
,,
,,
,,
,,
,,
,,
,,
,,
,,
,,
,,
,,
,,
,,
,,
,,
,,
,,
,,
,,
,,
,,
,,
,,
,,
,,
,,
,,
,,
,,
,,
,,
,,
,,
,,
,,
,,
,,
,,
,,
,,
,,
,,
,,
,,
,,
,,
,,
,,
,,
,,
,,
,,
,,
,,
,,
,,
,,
,,
,,
,,
,,
,,
,,
,,
,,
,,
,,
,,
,,
,,
,,
,,
,,
,,
,,
,,
,,
,,
,,
,,
,,
,,
,,
,,
,,
,,
,,
,,
,,
,,
,,
,,
,,
,,
,,
,,
,,
,,
,,
,,
,,
,,
,,
,,
,,
,,
,,
,,
,,
,,
,,
,,
,,
,,
,,
,,
,,
,,
,,
,,
,,
,,
,,
,,
,,
,,
,,
,,
,,
,,
,,
,,
,,
,,
,,
,,
,,
,,
,,
,,
,,
,,
,,
,,
,,
,,
,,
,,
,,
,,
,,
,,
,,
,,
,,
,,
,,
,,
,,
,,
,,
,,
,,
,,
,,
,,
,,
,,
,,
,,
,,
,,
,,
,,
,,
,,
,,
,,
,,
,,
,,
,,
,,
,,
,,
,,
,,
,,
,,
,,
,,
,,
,,
,,
,,
,,
,,
,,
,,
,,
,,
,,
,,
,,
,,
,,
,,
,,
,,
,,
,,
,,
,,
,,
,,
,,
,,
,,
,,
,,
,,
,,
,,
,,
,,
,,
,,
,,
,,
,,
,,
,,
,,
,,
,,
,,
,,
,,
,,
,,
,,
,,
,,
,,
,,
,,
,,
,,
,,
,,
,,
,,
,,
,,
,,
,,
,,
,,
,,
,,
,,
,,
,,
,,
,,
,,
,,
,,
,,
,,
,,
,,
,,
,,
,,
,,
,,
,,
,,
,,
,,
,,
,,
,,
,,
,,
,,
,,
,,
,,
,,
,,
,,
,,
,,
,,
,,
,,
,,
,,
,,
,,
,,
,,
,,
,,
,,
,,
,,
,,
,,
,,
,,
,,
,,
,,
,,
,,
,,
,,
,,
,,
,,
,,
,,
,,
,,
,,
,,
,,
,,
,,
,,
,,
,,
,,
,,
,,
,,
,,
,,
,,
,,
,,
,,
,,
,,
,,
,,
,,
,,
,,
,,
,,
,,
,,
,,
,,
,,
,,
,,
,,
,,
,,
,,
,,
,,
,,
,,
,,
,,
,,
,,
,,
,,
,,
,,
,,
,,
,,
,,
,,
,,
,,
,,
,,
,,
,,
,,
,,
,,
,,
,,
,,
,,
,,
,,
,,
,,
,,
,,
,,
,,
,,
,,
,,
,,
,,
,,
,,
,,
,,
,,
,,
,,
,,
,,
,,
,,
,,
,,
,,
,,
,,
,,
,,
,,
,,
,,
,,
,,
,,
,,
,,
,,
,,
,,
,,
,,
,,
,,
,,
,,
,,
,,
,,
,,
,,
,,
,,
,,
RANCHI: LIST OF BLOCKS_MUNICIPAL_PANCHAYAT_VILLAGE,,,
Sl.No,Municipal / Block,Panchayat/Ward,Village
1,RANCHI NAGAR NIGAM,Ward No.: 1 to 55,
2,BUNDU NAGAR PANCHAYAT,Ward No.: 1 to 20,
3,TAMAR,TAMAR EAST,RAIDIH
4,TAMAR,ARAHANGA,SILPINGKOCHA VIJAYGIRI
5,KANKE,PIRA,GOVIND NAGAR
6,RATU,KATU,KATU
7,LAPUNG,LAPUNG,LAPUNG
8,KHALARI,TUMANG,DHAMDMIYA
9,RATU,RATU WEST,MERIYA TAAR
10,TAMAR,TAMAR WEST,JARYA
11,SONAHATU,BARUHATU,BHAKUADIH
12,SONAHATU,JINTU,KURDAAG
13,KHALARI,CHURI (SOUTH),MOHANNAGAR
14,TAMAR,MARDHAN,PALDHA
15,SILLI,LUPUNG,SILLI
16,SILLI,BASANTPUR,PANCHU
17,SONAHATU,HOSLO,RAHIMANJHI DIRAHE
18,NAMKUM,TATISILWAY,HARATU
19,ANGARA,HARATU,EIDGANJU
20,BERO,TERO,CHACHKOPI
21,NAMKUM,BARGAWAN,patratoli
22,BERO,TERO,PAKALMERI
23,TAMAR,ARAHANGA,SILIPINGKOCHA
24,BUNDU,BUNDU,BUNDU
25,ITKI,MALTI,MORO
26,NAGRI,TUNDIL NORTH,NAYA SARAY
27,SILLI,BANTAHAJAM (EAST),BAREDI
28,ANGARA,HESATU,SIKANDARI
29,SONAHATU,GOLAO,MURUTDIH
30,BURMU,MAKKA,PIPRATOLI
31,KHALARI,CHURI (NORTH-WEST),DAKRA
32,KHALARI,VISHRAMPUR,KEKARAHI GARA
33,ORMANJHI,IRBA,KOYLARI
34,ORMANJHI,IRBA,IRBA
35,ORMANJHI,JAIDIHA,JAIDIHA
36,ORMANJHI,JAIDIHA,GURGAI
37,ORMANJHI,JAIDIHA,GANESH PUR
38,ORMANJHI,JAIDIHA,BARTUWA
39,ORMANJHI,JAIDIHA,SAHER
40,ORMANJHI,ICHADAG,TAPA
41,ORMANJHI,KARMA,HUTUP
42,ORMANJHI,ICHADAG,PISKA
43,ORMANJHI,ICHADAG,JEEDU
44,ORMANJHI,ICHADAG,ICHADAG
45,ORMANJHI,ICHADAG,HALWADI
46,ORMANJHI,ICHADAG,DUNDE
47,ORMANJHI,HINDBELLY,TIRLA
48,ORMANJHI,HINDBELLY,PARSA TOLA
49,ORMANJHI,HINDBELLY,MANDRO(MANDROH)
50,ORMANJHI,ICHADAG,PUNDAG
51,ORMANJHI,PANCHA,ROLLA
52,ORMANJHI,PANCHA,PANCHA
53,ORMANJHI,PANCHA,MATATU (MANATU)
54,ORMANJHI,PANCHA,HATWAL
55,ORMANJHI,PANCHA,GURU
56,ORMANJHI,ORMANJHI,UKRID
57,ORMANJHI,ORMANJHI,ORMANJHI
58,ORMANJHI,CHARU,BHUSUR
59,ORMANJHI,KUTE,KUTE
60,ORMANJHI,KUTE,MUTTA
61,ORMANJHI,KARMA,KARMA
62,ORMANJHI,KUTE,LOTWA
63,ORMANJHI,ORMANJHI,JHIRI
64,ORMANJHI,KUTE,KHUDIA
65,ORMANJHI,KUCHU,KULHI
66,ORMANJHI,KUCHU,KUCHU
67,ORMANJHI,KUCHU,KAMTA
68,ORMANJHI,KUCHU,JEERABAR
69,ORMANJHI,KARMA,RUKKA
70,ORMANJHI,HINDBELLY,JAWABEDA
71,ORMANJHI,BIRIDIH,BIRIDIH
72,ORMANJHI,CHARU,CHARU
73,ORMANJHI,CHARU,BANLOTWA
74,ORMANJHI,CHANDRA,MAYAPUR
75,ORMANJHI,CHANDRA,MADKAMA(MADHUKAMA)
76,ORMANJHI,CHANDRA,CHANDRA
77,ORMANJHI,CHANDRA,BUNDU
78,ORMANJHI,CHAKLA,SAWAIYA
79,ORMANJHI,CHARU,DATMA(UTMA)
80,ORMANJHI,CHAKLA,CHAKLA
81,ORMANJHI,CHARU,HINDBELLY
82,ORMANJHI,BIRIDIH,ANNANDI
83,ORMANJHI,BARWE,DAHU
84,ORMANJHI,BARWE,BARWE
85,NAMKUM,TATI WEST,TATI
86,NAMKUM,TATAI EAST,TATI EAST
87,NAMKUM,SOUDAG,UPARDAHU
88,NAMKUM,SOUDAG,SOHDAG
89,ORMANJHI,SADAMA,DHAKJEEWAN
90,ORMANJHI,CHAKLA,DARDAG
91,ORMANJHI,CHUTU PALU,MANATU
92,ORMANJHI,HINDBELLY,GUNJA
93,ORMANJHI,GAGARI,ULATU
94,ORMANJHI,GAGARI,SILDIRI
95,ORMANJHI,GAGARI,KHATNAGA
96,ORMANJHI,GAGARI,HESATU
97,ORMANJHI,GAGARI,GAGARI
98,ORMANJHI,GAGARI,CHAPRA KOCHA
99,ORMANJHI,GAGARI,CHAPAWAR
100,ORMANJHI,BARWE,HARCHANDA
101,ORMANJHI,CHUTU PALU,PALU
102,ORMANJHI,CHARU,HETH NAGARU
103,ORMANJHI,CHUTU PALU,KURUN
104,ORMANJHI,CHUTU PALU,KOUWALU (QALU)
105,ORMANJHI,CHUTU PALU,JARUWADIH
106,ORMANJHI,CHUTU PALU,CHUTU PALU
107,ORMANJHI,CHUTU PALU,CHETANWARI
108,ORMANJHI,CHARU,UPPER NAGARU
109,ORMANJHI,CHARU,SANRI
110,ORMANJHI,HINDBELLY,HINDBELLY
111,ORMANJHI,CHUTU PALU,TIRALA
112,RAHE,LOWAHATU,NAWADIH
113,RAHE,NAWADIH,THUNGRUDIH
114,RAHE,NAWADIH,PARAMDIH
115,RAHE,NAWADIH,NAWADIH
116,RAHE,NAWADIH,KOTANGDAG
117,RAHE,NAWADIH,ICHAHATU
118,RAHE,NAWADIH,GUCHIDIH
119,RAHE,NAWADIH,BURUDIH
120,RAHE,HOTLO,KATYADIH
121,RAHE,LOWAHATU,NURU
122,RAHE,RAHE,KUBADIH
123,RAHE,LOWAHATU,LOWAHATU
124,RAHE,LOWAHATU,KOLMA
125,RAHE,LOWAHATU,KHATANGA
126,RAHE,LOWAHATU,GOWALI
127,RAHE,LOWAHATU,DULMI
128,RAHE,HOTLO,SIRIDIH
129,RAHE,HOTLO,SERENGDIH
130,RATU,BAJPUR,HISRI
131,RAHE,NAWADIH,BASAHATU
132,RAHE,SATAKI,KONTA TOLI
133,RATU,BANAPIRI,JARI
134,RATU,BANAPIRI,BANAPIRI
135,NAGRI,SOPARAM,MERAL
136,RATU,BAJPUR,PANDRA
137,NAMKUM,SOUDAG,JAMGAIN
138,RATU,BAJPUR,CHAULI
139,RATU,BAJPUR,BAJPUR
140,RAHE,SATAKI,SATAKI
141,RAHE,NAWADIH,TORANG
142,RAHE,SATAKI,PURNADIH
143,RAHE,RAHE,BARWADIH
144,RAHE,SATAKI,KOCHE TOLA
145,RAHE,SATAKI,KANKATTA
146,RAHE,RAHE,URAONDIH
147,RAHE,RAHE,RAHE
148,RAHE,RAHE,PURNANAGAR
149,RAHE,RAHE,POWADIRI
150,RAHE,RAHE,MAHESHPUR
151,RAHE,HOTLO,IRISERENG
152,RAHE,SATAKI,RAMDERA
153,ORMANJHI,TUNDAHULI,KERM
154,RAHE,BANSIYA,CHIRU DIH
155,RAHE,BANSIYA,BANSIYA
156,RAHE,AMBAJHARIA,SUWARMARA
157,RAHE,AMBAJHARIA,KOMBO
158,RAHE,AMBAJHARIA,AMBAJHARIA
159,ORMANJHI,TUNDAHULI,TUNDAHULI
160,ORMANJHI,TUNDAHULI,PIPRA BANDA
161,RAHE,HOTLO,KOKRODIH
162,ORMANJHI,TUNDAHULI,KUKAI
163,RAHE,BANSIYA,SOSO
164,ORMANJHI,TUNDAHULI,BIJANG
165,ORMANJHI,TUNDAHULI,BARGAIN BANDA
166,ORMANJHI,TUNDAHULI,BAGHIN BANDA
167,ORMANJHI,TUNDAHULI,ARRA
168,ORMANJHI,SADAMA,SANTI
169,ORMANJHI,SADAMA,SADMA
170,ORMANJHI,SADAMA,KESER BERA
171,ORMANJHI,SADAMA,HOCHAI
172,ORMANJHI,TUNDAHULI,LUPUNGA
173,RAHE,BASANTPUR,RANGA MATI
174,RAHE,HOTLO,HOTLO
175,RAHE,HOTLO,GHAGHRADIH
176,RAHE,HOTLO,FULWAR
177,RAHE,HOTLO,CHIRUDIH
178,RAHE,DOKAD,GOMDA
179,RAHE,DOKAD,DOMANDIH
180,RAHE,DOKAD,DOKAD
181,RAHE,DOKAD,CHAINPUR
182,RAHE,BANSIYA,DHANA MUNJI
183,RAHE,DOKAD,BELA
184,RAHE,BANSIYA,LADHUP
185,RAHE,BASANTPUR,POGARA
186,RAHE,BASANTPUR,PANCHU
187,RAHE,BASANTPUR,NICHIT PUR
188,RAHE,BASANTPUR,BUNDIYARU
189,RAHE,BASANTPUR,BASANT PUR
190,RAHE,BASANTPUR,BADALU
191,RAHE,BANSIYA,TILIM SIRING
192,ORMANJHI,SADAMA,DUNDUN
193,RAHE,DOKAD,BURHADIH
194,NAGRI,ERCHORA,LADA
195,NAGRI,TUNDIL NORTH,TUNDIUL
196,NAGRI,NAGARI,NAGRI
197,NAGRI,LALGUTUA,PUNDAG
198,NAGRI,LALGUTUA,LALGUTUA
199,NAGRI,KUDLUM,KUDLUM
200,NAGRI,KUDLUM,HOTWASI
201,NAGRI,KUDLUM,HARSER
202,NAGRI,NARO,PISKA
203,NAGRI,ERCHORA,PATRACHAULI
204,NAGRI,NARO,TIKRATOLI
205,NAGRI,ERCHORA,KOSARO
206,NAGRI,ERCHORA,ERCHORA
207,NAGRI,DEWRI,SUGDA
208,NAGRI,DEWRI,DEWRI
209,NAGRI,DEWRI,BASILA
210,NAGRI,CHIPRA,UPARDAHA
211,NAGRI,CHIPRA,TUSMU
212,NAGRI,CHIPRA,PANCHDIHA
213,NAGRI,ERCHORA,WARSA
214,NAGRI,SOPARAM,SAPAROM
215,NAMKUM,BANDHUA,RURUNGKOCHA
216,NAMKUM,BANDHUA,NACHALDAG
217,NAMKUM,BANDHUA,KOLAD
218,NAMKUM,BANDHUA,BUTIYO
219,NAMKUM,BANDHUA,BUNDUBERA
220,NAMKUM,BANDHUA,BANDUA
221,NAMKUM,ARA,ARA
222,NAGRI,NARO,NARO
223,RATU,BIJULIA,AGRU
224,NAGRI,CHIPRA,BABRO
225,SILLI,LOWADAG,ITIHASA
226,NAGRI,SOPARAM,JAIPUR
227,NAGRI,SOPARAM,DALADILI
228,NAGRI,SAHER,SAHER
229,NAGRI,SAHER,PALANDU
230,NAGRI,SAHER,KHUNTA
231,NAGRI,SAHER,KATARPA
232,NAGRI,SAHER,HARHI
233,NAGRI,TUNDIL SOUTH,LABED
234,MANDAR,MURMA,KARKARIA
235,MANDAR,SURSA,BASKI
236,MANDAR,SARWA,SARWA
237,MANDAR,SARWA,JHIKPUR
238,MANDAR,SARWA,DUMRI
239,MANDAR,SARWA,BABRO
240,MANDAR,NAGRA,NAGRA
241,MANDAR,NAGRA,GORE
242,NAGRI,CHIPRA,KOLAMBI
243,MANDAR,MURMA,MESAL
244,MANDAR,TANGARBASULI,NARO
245,MANDAR,MURMA,KANDRI
246,MANDAR,MANDRO,MANDRO
247,MANDAR,MANDRO,KURKURA
248,MANDAR,MANDRO,DEURI ALIAS DONGATOLI
249,MANDAR,MANDRO,CHIGRI
250,MANDAR,MANDRO,CHARNALO
251,MANDAR,MANDRO,CHARKI
252,MANDAR,MANDRO,BAKHAR
253,MANDAR,MURMA,MURMA
254,NAGRI,BALA LONG,BANDRATOLI
255,NAMKUM,BARGAWAN,BARGAWAN
256,NAGRI,CHETE,SINGHPUR
257,NAGRI,CHETE,KENKE
258,NAGRI,CHETE,HALHU
259,NAGRI,CHETE,CHETE
260,NAGRI,CHETE,BANDHEYA
261,NAGRI,BALA LONG,SEMBO
262,NAGRI,BALA LONG,NACHIATU
263,MANDAR,SURSA,MASMANO
264,NAGRI,BALA LONG,BARIDIH
265,MANDAR,SURSA,SURSA
266,NAGRI,BALA LONG,BALALONG
267,MANDAR,TIGOIAMBATOLI,TIGOIAMBATOLI
268,MANDAR,TIGOIAMBATOLI,HESMI
269,MANDAR,TIGOIAMBATOLI,HESAL
270,MANDAR,TIGOIAMBATOLI,GARMI
271,MANDAR,TANGARBASULI,TANGARBASULI
272,MANDAR,TANGARBASULI,PAREYAGO
273,NAGRI,CHIPRA,CHIPRA
274,NAGRI,BALA LONG,KELANDE
275,NAMKUM,KUTIATU,TETRI
276,NAMKUM,MAHILONG,HARHAP
277,NAMKUM,LALKHATANGA,MANGUBADH
278,NAMKUM,LALKHATANGA,LALKHATANGA
279,NAMKUM,LALKHATANGA,KHARSIDAG
280,NAMKUM,LALKHATANGA,KACHBANG
281,NAMKUM,LALKHATANGA,GARHKHATANGA
282,NAMKUM,LALI,LALI
283,NAMKUM,HURUA,NICHITPUR-RAYDIH
284,NAMKUM,LALI,HESLATOLI
285,NAMKUM,RAMPUR,CHENE
286,NAMKUM,KUTIATU,SAHERA
287,NAMKUM,KUTIATU,PINDARKOM
288,NAMKUM,KUTIATU,MALTI
289,NAMKUM,KUTIATU,KUTIATU
290,NAMKUM,KHIJRI,TUMBAGUTTU
291,NAMKUM,KHIJRI,KHIJRI
292,NAMKUM,HURUA,SIRI
293,NAMKUM,BANDHUA,TUNJU
294,NAMKUM,LALI,KUDAGARA
295,NAMKUM,SIDROUL,SIDRAUL
296,NAMKUM,SOUDAG,HETHDAHU
297,NAMKUM,SOUDAG,GHUTHIYA
298,NAMKUM,SOUDAG,GARSUL
299,NAMKUM,SOUDAG,BANDA
300,NAMKUM,SITHIO,ZOZOSRING
301,NAMKUM,SITHIO,SITHIA
302,NAMKUM,SITHIO,PINDARKAM
303,NAMKUM,SITHIO,HUTHUNDU
304,NAMKUM,MAHILONG,MAHILONG
305,NAMKUM,SILWAI,HARATU
306,NAMKUM,RAJAULLATU,RAJAULLATU
307,NAMKUM,SIDROUL,PALANDU
308,NAMKUM,SIDROUL,KEWALI
309,NAMKUM,SIDROUL,GANRKE
310,NAMKUM,RAMPUR,RAMPUR
311,NAMKUM,RAMPUR,JAREYA
312,NAMKUM,RAMPUR,JAMCHUAN
313,NAMKUM,RAMPUR,HARBUL
314,NAMKUM,HURUA,MERHA(METHA)
315,NAMKUM,SILWAI,SILWAI
316,NAMKUM,CHANDAGHASI,TANKO
317,NAMKUM,HAHAP,KOENRIBERA
318,NAMKUM,HAHAP,HAHAP
319,NAMKUM,DUNGRI,TORAR
320,NAMKUM,DUNGRI,SORHA(SOTHA)
321,NAMKUM,DUNGRI,KOENJARI
322,NAMKUM,DUNGRI,KISKI
323,NAMKUM,DUNGRI,JARATOLI
324,NAMKUM,HURUA,SAHEDA
325,NAMKUM,DUNGRI,DUNGRI
326,NAMKUM,HAHAP,ULIDIH
327,NAMKUM,CHANDAGHASI,OBERIYA
328,NAMKUM,CHANDAGHASI,MARIYATU
329,NAMKUM,CHANDAGHASI,LODHMA
330,NAMKUM,CHANDAGHASI,KUTE TOLI
331,NAMKUM,CHANDAGHASI,ETHE
332,NAMKUM,CHANDAGHASI,CHURU
333,NAMKUM,CHANDAGHASI,CHANDAGHASI
334,NAMKUM,SOUDAG,HURINGDAG
335,NAMKUM,DUNGRI,GUNDU
336,NAMKUM,HARDAG,SUKURHUTTU
337,NAMKUM,HURUA,KARKATA
338,NAMKUM,HURUA,HURUA
339,NAMKUM,HURUA,HAJAM
340,NAMKUM,HURUA,DUNDIGARHA
341,NAMKUM,HURUA,DEWGAIN
342,NAMKUM,HURUA,BUMRU
343,NAMKUM,HUANGHATU,ULATU
344,NAMKUM,HUANGHATU,SINGARSARAI
345,NAMKUM,HAHAP,SAPAROM
346,NAMKUM,HUANGHATU,HUANGHATU
347,NAMKUM,HAHAP,SARWAL
348,NAMKUM,HARDAG,SILADON
349,NAMKUM,HARDAG,HARDAG
350,NAMKUM,HARDAG,DUNDU
351,NAMKUM,HARDAG,DARJITORAR
352,NAMKUM,HARDAG,CHITIR
353,NAMKUM,HARDAG,CHAND
354,NAMKUM,HARDAG,BARGUTTU
355,NAMKUM,BARAM,BARAM
356,NAMKUM,HUANGHATU,KAKRA
357,TAMAR,HARAM LOHAR,HARAM LOHAR
358,TAMAR,MALAHAN BHUIA DIH,MALAHAN BHUIA DIH
359,TAMAR,JARGO,DOMBODIH
360,TAMAR,JARGO,BURUSIGN
361,TAMAR,JANAM PIRI,SOSODIH
362,TAMAR,JANAM PIRI,SARMALI
363,TAMAR,JANAM PIRI,KHEDUADIH ALIAS DINDLIDIH
364,TAMAR,JANAM PIRI,JANAMPIRI
365,TAMAR,JARGO,JARGO
366,TAMAR,JANAM PIRI,DERO
367,TAMAR,JARGO,KANJANI GURHA
368,TAMAR,HARAM LOHAR,DOMRA
369,TAMAR,HARAM LOHAR,BIRDIH
370,TAMAR,DIMBUJARDA,NAWA DIH
371,TAMAR,DIMBUJARDA,MANJIL DIH
372,TAMAR,DIMBUJARDA,HARADIH
373,TAMAR,DIMBUJARDA,DIMBUJARDA
374,TAMAR,DIMBUJARDA,DARUARA
375,TAMAR,DIMBUJARDA,CHONGADIH
376,TAMAR,JANAM PIRI,DULMI
377,TAMAR,KUNDLA,LANKIYA
378,SONAHATU,PANDADIH,RUGRI
379,TAMAR,MALAHAN BHUIA DIH,BABURAMDIH
380,TAMAR,LUNGTU,TAMRANA
381,TAMAR,LUNGTU,PATSAHIDIH
382,TAMAR,LUNGTU,PAPIRDA
383,TAMAR,LUNGTU,LUNGTU
384,TAMAR,KURKUTTA,KURKUTIA
385,TAMAR,JARGO,GANGO
386,TAMAR,KURKUTTA,GEREDIH
387,TAMAR,DIMBUJARDA,BADLA
388,TAMAR,KUNDLA,KUNDLA
389,TAMAR,KUNDLA,KUEHRU
390,TAMAR,KUNDLA,JHATGAON
391,TAMAR,KUNDLA,DONGIDIH
392,TAMAR,KUNDLA,DIMRA
393,TAMAR,KUNDLA,DEGADARI
394,TAMAR,KUNDLA,CHIPIBANDHDIH
395,TAMAR,JARGO,KUBASAL
396,TAMAR,KURKUTTA,JILING SERENG
397,SONAHATU,TELWADIH,PERENG CHAWALI
398,SONAHATU,TETLA,SALSUD
399,SONAHATU,TETLA,KUDADIH
400,SONAHATU,TETLA,KOTAB
401,SONAHATU,TETLA,KONDA
402,SONAHATU,TETLA,BIRDIDIH
403,SONAHATU,TETLA,BALWADIH
404,SONAHATU,TELWADIH,TELWADIH
405,TAMAR,DIMBUJARDA,BIUSAI DIH
406,SONAHATU,TELWADIH,SIGID
407,TAMAR,AMLESHA,AGRA
408,SONAHATU,TELWADIH,PARAM JHARIYA
409,SONAHATU,TELWADIH,MARCHADIH
410,SONAHATU,TELWADIH,DOMADIH
411,SONAHATU,TELWADIH,DIBADIH
412,SONAHATU,TELWADIH,ADRAMHATU
413,SONAHATU,SONAHATU,SONAHATU
414,SONAHATU,SONAHATU,SERENGHATU
415,SILLI,LOWADAG,DHARM PUR
416,SONAHATU,TELWADIH,SOMADIH
417,TAMAR,ARAHANGA,ARAHANGA
418,TAMAR,MALAHAN BHUIA DIH,PALNA
419,TAMAR,DIMBUJARDA,ADAL DIH
420,TAMAR,BIRGAON,LONDRA
421,TAMAR,BIRGAON,ICHADIH
422,TAMAR,BIRGAON,BIRGAON
423,TAMAR,ARAHANGA,PIYA KULI
424,TAMAR,ARAHANGA,MAKRAMDIH
425,TAMAR,ARAHANGA,KUDDA
426,SONAHATU,TETLA,TETLA
427,TAMAR,ARAHANGA,BARIDIH
428,TAMAR,ACHUDIH,ACHUDIH
429,TAMAR,AMLESHA,KOKADIH
430,TAMAR,AMLESHA,DIURI
431,TAMAR,AMLESHA,BURUDIH
432,TAMAR,AMLESHA,BODHDIH
433,TAMAR,AMLESHA,BARU
434,TAMAR,AMLESHA,BABAI KUNDI
435,TAMAR,AMLESHA,AMLESHA
436,TAMAR,DIMBUJARDA,BHITU DIH
437,TAMAR,ARAHANGA,BURUHATU
438,TAMAR,RARGAON,RARGAON
439,TAMAR,MALAHAN BHUIA DIH,HURUNDIH
440,TAMAR,ULI LOHAR,JAMDIH
441,TAMAR,ULI LOHAR,DIMBUDIH
442,TAMAR,ULI LOHAR,BURUDIH
443,TAMAR,TAMAR EAST,BINSAIDIH
444,TAMAR,TAMAR,TAMAR
445,TAMAR,SARJAMDIH,SARJAMDIH
446,TAMAR,ULLI DIH,BARNIAN
447,TAMAR,RARGAON,TARAI
448,TAMAR,ULLI DIH,BURUDIH
449,TAMAR,RARGAON,LODHMA
450,TAMAR,RARGAON,DARIDA
451,TAMAR,RARGAON,BANGAL DIH
452,TAMAR,RAGRA BARANG,RAGRA BARANG
453,TAMAR,RAGRA BARANG,MANIKA DIH
454,TAMAR,RAGRA BARANG,KURUCHUDIH
455,TAMAR,RAGRA BARANG,JEGODAKAI
456,TAMAR,RAGRA BARANG,BARUKANDE
457,TAMAR,SARJAMDIH,BARLANGA
458,BUNDU,RELADIH,RELADIH
459,NAGRI,TUNDIL SOUTH,NAYASARAI
460,NAGRI,TUNDIL SOUTH,TUNDIL
461,TAMAR,RARGAON,RANGAMATI
462,KANKE,NAWATOLI,SIMALIYA
463,NAMKUM,SILWAI,POKHAR TOLI
464,MANDAR,KHATANGA,KHATANGA
465,KHALARI,BUKBUKA,NAYADHAURA
466,TAMAR,ULI LOHAR,ULILOHAR
467,MANDAR,MANDRO,BAJRA
468,TAMAR,PUNDIDIRI,LOHRI
469,ANGARA,HESATU,JALIMA
470,KANKE,ARSUNDAY,PATRA TOLI
471,ORMANJHI,CHARU,ROHANDI
472,TAMAR,ULLI DIH,ULLI DIH
473,TAMAR,ULLI DIH,RUGRI
474,TAMAR,ULLI DIH,KOKADIH
475,TAMAR,ULLI DIH,KARAMDIRI
476,TAMAR,ULLI DIH,JAGAISIGU
477,KANKE,PIRA,PIRA
478,TAMAR,MANKI DIH,PARAMDIH
479,TAMAR,MARDHAN,MADHU DIH
480,TAMAR,MARDHAN,KOTHADIH
481,TAMAR,MARDHAN,GUTIBARU
482,TAMAR,MARDHAN,GURHA
483,TAMAR,MARDHAN,GONDADIH
484,TAMAR,MARDHAN,CHIRUDIH
485,TAMAR,MARDHAN,CHAYADIH
486,TAMAR,PUNDIDIRI,TIMPUR
487,TAMAR,MANKI DIH,RABO
488,TAMAR,MARDHAN,TORANGA
489,TAMAR,MANKI DIH,MANKIDIH
490,TAMAR,MANKI DIH,KITADIH
491,TAMAR,MANKI DIH,GUMTI
492,TAMAR,MANKI DIH,CHATAMSAL
493,TAMAR,MANKI DIH,BURUSUDIH
494,TAMAR,MANKI DIH,BURUDIH
495,TAMAR,MANKI DIH,BANKI
496,TAMAR,MANKI DIH,BAGHAI
497,TAMAR,MANKI DIH,TALADIH
498,TAMAR,PERAI DIH,JOJODIH
499,SONAHATU,PANDADIH,PANDADIH
500,TAMAR,PUNDIDIRI,JHARGAON
501,TAMAR,PUNDIDIRI,JAHARTIKAR
502,TAMAR,PERAI DIH,SARJAMDIH
503,TAMAR,PERAI DIH,ROLABERA
504,TAMAR,PERAI DIH,PORADIH
505,TAMAR,PERAI DIH,PERAI DIH
506,TAMAR,PERAI DIH,NURIDIH
507,TAMAR,MARDHAN,MARDHAN
508,TAMAR,PERAI DIH,KADAMDIH
509,TAMAR,MARDHAN,ROLADIH
510,TAMAR,PERAI DIH,JARADIH
511,TAMAR,PERAI DIH,DUBLA
512,TAMAR,PARASI,PARASI
513,TAMAR,PARASI,KUTACHAULI
514,TAMAR,PARASI,JAPNO
515,TAMAR,PARASI,GUMANDIH
516,TAMAR,MARDHAN,UDAY DIH
517,TAMAR,PUNDIDIRI,PUNDIDIRI
518,TAMAR,PERAI DIH,MURPA
519,SILLI,BISRIA,KUCHU
520,SILLI,KOCHO,MARDU
521,SILLI,GORADIH,GORA DIH
522,SILLI,GORADIH,BRAHMNI
523,SILLI,DWARU,TUNKU
524,SILLI,DWARU,MURHU
525,SILLI,DWARU,GORHA
526,SILLI,DWARU,DWARU
527,SILLI,GORADIH,HOLONG
528,SILLI,BISRIA,KUTAM
529,SILLI,GORADIH,KULSUD
530,SILLI,BISRIA,BISRIA
531,SILLI,BARACHANGRU,NAWADIH
532,SILLI,BARACHANGRU,BARA CHANGRU
533,SILLI,BARACHANGRU,ARAL
534,SILLI,BANTAHAJAM (WEST),SHAYAM NAGAR
535,SILLI,BANTAHAJAM (WEST),JHABRI
536,SILLI,BANTAHAJAM (WEST),GARI HALMAD
537,SILLI,BANTAHAJAM (WEST),CHOKE SIRING
538,SILLI,BISRIA,KUTARU
539,SILLI,HALMAD,BHULI
540,SONAHATU,SONAHATU,NIMDIH
541,SILLI,KOCHO,KOCHO
542,SILLI,KOCHO,JOBLA
543,SILLI,HALMAD,SAHEDA
544,SILLI,HALMAD,MISHIR HUTANG
545,SILLI,HALMAD,JUMLA
546,SILLI,HALMAD,JALU HUTANG
547,SILLI,GORADIH,HESADIH
548,SILLI,HALMAD,GAJHA
549,SILLI,BANSA ROLI,SINGH PUR
550,SILLI,HAKE DAG,TETE BANDA
551,SILLI,HAKE DAG,RAMPUR
552,SILLI,HAKE DAG,PIPER DAG
553,SILLI,HAKE DAG,HARI DIH
554,SILLI,HAKE DAG,HAKE DAG
555,SILLI,HAKE DAG,GORE BIR
556,SILLI,HAKE DAG,BANUA DIH
557,SILLI,GORADIH,NAWA DIH
558,SILLI,HALMAD,HALMAD
559,RATU,HURHURI,PHETA
560,RATU,PALI,CHITARKOTA
561,RATU,LAHNA,MURGU
562,RATU,LAHNA,MARIATU
563,RATU,LAHNA,MAKHMANDRO
564,RATU,LAHNA,LAHNA
565,RATU,LAHNA,KANTU
566,RATU,LAHNA,EKAGURI
567,SILLI,BANTAHAJAM (WEST),BANTA HAJAM (W)
568,RATU,LAHNA,BELANGI
569,RATU,PURIO,PARHEPAT
570,RATU,HURHURI,HURHURI
571,RATU,HURHURI,GUTUATOLI
572,RATU,GURU,KOTA
573,RATU,GURU,HETHA
574,RATU,GURU,GURU
575,RATU,GURU,GARRI
576,RATU,GURU,BHONRA
577,RATU,BIJULIA,HEHAL
578,RATU,LAHNA,BURJU
579,RATU,TARUP,KOKRETANR
580,SILLI,KOCHO,NAYAK JOBLA
581,SILLI,BANSA ROLI,LENGHATU
582,SILLI,BANSA ROLI,JATERA
583,SILLI,BANSA ROLI,DHOWATIKE
584,SILLI,BANSA ROLI,BANSA ROLI
585,RATU,TIGRA,TIGRA
586,RATU,TARUP,USAMATU
587,RATU,TARUP,TARUP
588,RATU,PALI,PALI
589,RATU,TARUP,MURCHU
590,RATU,PURIO,MALMANRU
591,RATU,TARUP,KANAUJ
592,RATU,TARUP,HOCHAR
593,RATU,RATU WEST,RATU
594,RATU,RATU SOUTH,RATU SOUTH
595,RATU,RATU NORTH,RATU NORTH
596,RATU,RATU EAST,RATU EAST
597,RATU,PURIO,PIRIYO
598,SILLI,BANTAHAJAM (EAST),BANTA HAJAM (E)
599,RATU,TARUP,PATRATOLI
600,SONAHATU,DULMI,DULMI
601,SILLI,KOCHO,LAGAM
602,SONAHATU,GOLAO,SAREYAD
603,SONAHATU,GOLAO,SALBANDA
604,SONAHATU,GOLAO,RANGADIH
605,SONAHATU,GOLAO,GOLAO
606,SONAHATU,GOLAO,DIRSIR
607,SONAHATU,GOLAO,BIRGAMDIH
608,SONAHATU,HARIN,BAREDIH
609,SONAHATU,DULMI,MAHULDIH
610,SONAHATU,HARIN,HARIN
611,SONAHATU,DULMI,BONGADAR
612,SONAHATU,BARENDA,ULIDIH
613,SONAHATU,BARENDA,PARARIYADIH
614,SONAHATU,BARENDA,NAPRA
615,SONAHATU,BARENDA,MARANGKIRI
616,SONAHATU,BARENDA,JINTUDIH
617,SONAHATU,BARENDA,CHARKUDIH
618,SONAHATU,BARENDA,BARENDA
619,SONAHATU,DULMI,MANKIDIH
620,SONAHATU,JAMUDAG,JAMUDAG
621,SONAHATU,PANDADIH,MAHIL
622,SONAHATU,PANDADIH,BARUHATU
623,SONAHATU,LANDUPDIH,LANDUPDIH
624,SONAHATU,JINTU,NAKIDIH
625,SONAHATU,JINTU,KURIYAMU
626,SONAHATU,JINTU,JINTU
627,SONAHATU,JILING SERENG,KONKADIH
628,SONAHATU,HARIN,BANKU
629,SONAHATU,JAMUDAG,MAGANDIH
630,SILLI,SILLI,SILLI
631,SONAHATU,JAMUDAG,JAHIRDIH
632,SONAHATU,JAMUDAG,IRKU
633,SONAHATU,JAMUDAG,HESAHATU
634,SONAHATU,JAMUDAG,CHOGA
635,SONAHATU,HESADIH,HESADIH
636,SONAHATU,HESADIH,CHOKAHATU
637,SONAHATU,HARIN,LOWADIH
638,SONAHATU,HARIN,JURGA
639,SONAHATU,JILING SERENG,JILINGSERENG
640,SILLI,LOWADAG,CHATAMBARI
641,SILLI,MURI (WEST),BABHAN DIH
642,SILLI,MURI (EAST),MURI
643,SILLI,MURI (EAST),KOKORANA
644,SILLI,LOWADAG,SARJAM DIH
645,SILLI,LOWADAG,PATKA
646,SILLI,LOWADAG,MAISUDIH
647,SILLI,LOWADAG,LOWADAG
648,SILLI,TUTKI,TUTKI
649,SILLI,LOWADAG,CHORDERA
650,SILLI,NAGE DIH,AJAY GARH
651,SILLI,LOWADAG,BARNATAR
652,SILLI,LOWADAG,BARKITAR
653,SILLI,LOTA,LOTA
654,SILLI,LOTA,KITA
655,SILLI,LOTA,KARMA
656,SILLI,LOTA,HARWA DIH
657,SILLI,KOCHO,SUNDIL
658,SILLI,KOCHO,ROHAR DAG
659,SILLI,LOWADAG,DOMENDIH
660,SILLI,PISKA,GARGAON
661,RATU,BIJULIA,BIJULIYA
662,SILLI,PISKA,PISKA
663,SILLI,PISKA,NIMUWA
664,SILLI,PISKA,MEDNI
665,SILLI,PISKA,LOWA DAG
666,SILLI,PISKA,LOSERA
667,SILLI,PISKA,LODHMU
668,SILLI,PISKA,KUSUMTIKERA
669,SILLI,MURI (WEST),KASHI DIH
670,SILLI,PISKA,JARA DIH
671,SILLI,MURI (WEST),TIRLA
672,SILLI,PATRAHATU,PATERAHATU
673,SILLI,PATRAHATU,KARIADIH
674,SILLI,PATRAHATU,GHAGHERA
675,SILLI,PATRAHATU,CHOTTACHANGRU
676,SILLI,NAGE DIH,NAGE DIH
677,SILLI,NAGE DIH,KHELARI
678,SILLI,NAGE DIH,BURHABAHERA
679,SILLI,TUTKI,HAHE LUPUNG
680,SILLI,PISKA,JARU
681,BUNDU,SUMANDIH,BURAHDIH
682,BUNDU,TAIMARA,DAMI
683,BUNDU,TAIMARA,DAHUDIH
684,BUNDU,TAIMARA,BERA
685,BUNDU,SUMANDIH,SUTILONG
686,BUNDU,SUMANDIH,SUMANDIH
687,BUNDU,SUMANDIH,SIRKADIH
688,BUNDU,SUMANDIH,LEPADIH
689,BURMU,BARE,SIDRAUL
690,BUNDU,SUMANDIH,ERAKIYA
691,BUNDU,TAIMARA,KOLANGHATU
692,BUNDU,SUMANDIH,BUNDU
693,BUNDU,RELADIH,TILAIMARCHA
694,BUNDU,RELADIH,PARAMDIH
695,BUNDU,RELADIH,KHUDIMADHUKAM
696,BUNDU,RELADIH,CHITODIH
697,BUNDU,RELADIH,BHORGADIH
698,BUNDU,RELADIH,BAHADIH
699,BUNDU,RELADIH,BAGHADIH
700,BUNDU,SUMANDIH,HETHBURADIH
701,BUNDU,TUNJU,AANEDIH
702,BUNDU,BARUHATU,BARUHATU
703,BURMU,BARE,KULWE
704,BURMU,BARE,DANDIYA
705,BURMU,BARE,BARE
706,BUNDU,TUNJU,TUNJU
707,BUNDU,TUNJU,PONGRA
708,BUNDU,TUNJU,KORAMBU
709,BUNDU,TUNJU,KARKADIH
710,BUNDU,TAIMARA,HANJED
711,BUNDU,TUNJU,AMJORA
712,BUNDU,TAIMARA,HUSERHATU
713,BUNDU,TAU,TAU
714,BUNDU,TAU,DAMARI
715,BUNDU,TAU,DALKIDIH
716,BUNDU,TAIMARA,TAIMARA
717,BUNDU,TAIMARA,PANCHA
718,BUNDU,TAIMARA,MURGIDIH
719,BUNDU,TAIMARA,LABGA
720,BUNDU,KANCHI,KANCHI
721,BUNDU,TUNJU,BAREDIH
722,BUNDU,CHURGI,LOWAHATU
723,BUNDU,KANCHI,PAWADIH
724,BUNDU,GABHARIYA,JAMGAMI
725,BUNDU,GABHARIYA,HESAPIRI
726,BUNDU,GABHARIYA,HALLUDIH
727,BUNDU,GABHARIYA,GHAGHRABERA
728,BUNDU,GABHARIYA,GABHARIYA
729,BUNDU,GABHARIYA,BHURKUNDA
730,BUNDU,GABHARIYA,BESRADIH
731,BUNDU,GABHARIYA,KAJIBARU
732,BUNDU,CHURGI,PANSKAM
733,BUNDU,GABHARIYA,KUCHIDIH
734,BUNDU,CHURGI,CHURGI
735,BUNDU,BARUHATU,TIRILDIHTOLI
736,BUNDU,BARUHATU,REDA
737,BUNDU,BARUHATU,KORDA
738,BUNDU,BARUHATU,JILUTIKAR
739,BUNDU,BARUHATU,HUWANGHATU
740,BUNDU,BARUHATU,DARUHATU
741,CHANHO,CHAMA,RAMDAGA
742,BUNDU,CHURGI,SARJAMDIH
743,BUNDU,HUMTA,BARUHATU
744,BURMU,BURHMU,BANGAON
745,BUNDU,KANCHI,GUTUHATU
746,BUNDU,KANCHI,GOSAIDIH
747,BUNDU,KANCHI,BURUDIH
748,BUNDU,KANCHI,BHABHARI
749,BUNDU,KANCHI,ALNA
750,BUNDU,HUMTA,MADHUKAMA
751,BUNDU,HUMTA,LOTEHATU
752,BUNDU,GABHARIYA,KADRUDIH
753,BUNDU,HUMTA,HUMTA
754,BUNDU,KANCHI,NEWRI
755,BUNDU,HUMTA,BARKOLMA
756,BUNDU,GABHARIYA,ULIDA
757,BUNDU,GABHARIYA,SINGHAREDIH
758,BUNDU,GABHARIYA,ROREDIH
759,BUNDU,GABHARIYA,RAMTOLI
760,BUNDU,GABHARIYA,NEHALGARAH
761,BUNDU,GABHARIYA,NAWADIH
762,BUNDU,GABHARIYA,MOESUDIH
763,BUNDU,HUMTA,JARIYA
764,BURMU,MURUPIRI,MURGI
765,BURMU,OJHA SARAM,SARAM
766,BURMU,OJHA SARAM,OJHASARAM
767,BURMU,OJHA SARAM,MUNA
768,BURMU,OJHA SARAM,LOTHMANA
769,BURMU,OJHA SARAM,KARAMBA
770,BURMU,OJHA SARAM,ADADEWARKHAND
771,BURMU,MURUPIRI,USKU
772,BURMU,BARE,NAUJ
773,BURMU,MURUPIRI,MURUPIRI
774,BURMU,SARLEY,KANDER
775,BURMU,MURUPIRI,KASKOMA
776,BURMU,MURUPIRI,CHANYA
777,BURMU,MAKKA,ULATU
778,BURMU,MAKKA,SIRAM
779,BURMU,MAKKA,MAKKA
780,BURMU,MAKKA,KEDLI
781,BURMU,MAKKA,KANADIH
782,BURMU,MAKKA,ICHAPIRI
783,BURMU,MURUPIRI,PATKAI
784,BURMU,UMEDANDA,UMEDANDA
785,CHANHO,CHAMA,CHORA
786,CHANHO,CHAMA,CHAMRANGA
787,CHANHO,CHAMA,CHAMA
788,CHANHO,BEYASI,SISAI
789,CHANHO,BEYASI,MADAI
790,CHANHO,BEYASI,KANJGI
791,CHANHO,BEYASI,GOKE
792,CHANHO,BEYASI,BEYASI
793,BURMU,SARLEY,AKTAN
794,CHANHO,BALSOKARA,BALSOKRA
795,BURMU,SARLEY,ARID
796,BURMU,UMEDANDA,SOSAI
797,BURMU,UMEDANDA,CHALNIYA (CHALANIYA)
798,BURMU,UMEDANDA,BARKAMURU
799,BURMU,UMEDANDA,ARUD
800,BURMU,SARLEY,SUMU
801,BURMU,SARLEY,SARLE
802,BURMU,SARLEY,KOEJAM
803,BURMU,KHAKHRA,KEWTIA
804,CHANHO,BALSOKARA,BIRRA
805,BURMU,CHAINGARHA,GUTRU
806,BURMU,MAKKA,HUTPAI
807,BURMU,CHAPRA,BINJA
808,BURMU,CHAKME,ROL
809,BURMU,CHAKME,MATWE
810,BURMU,CHAKME,CHAKME
811,BURMU,CHAKME,ARRA (ARARA)
812,BURMU,CHAINGARHA,SALHAN
813,BURMU,CHAINGARHA,LAWAGARA
814,BURMU,CHAPRA,CHURUGARA
815,BURMU,CHAINGARHA,KATANGDIRI
816,BURMU,CHAPRA,HENDAG
817,BURMU,CHAINGARHA,GESWE
818,BURMU,CHAINGARHA,CHAINGARA
819,BURMU,CHAINGARHA,ANATU
820,BURMU,BURHMU,PIRAGUTTU
821,BURMU,BURHMU,MURWE
822,BURMU,BURHMU,KOTARI
823,BURMU,BURHMU,HATNAI
824,BURMU,BURHMU,BURMU
825,BURMU,CHAINGARHA,KORI
826,BURMU,HESALPIRI,HESALPIRI
827,BUNDU,ADALHATU,SALGADIH
828,BURMU,KHAKHRA,HISRI
829,BURMU,KHAKHRA,BHANTBOREYA
830,BURMU,KHAKHRA,BARAUDI
831,BURMU,KHAKHRA,BANSRI
832,BURMU,HESALPIRI,TURMULI
833,BURMU,HESALPIRI,SURID
834,BURMU,HESALPIRI,SOBA
835,BURMU,CHAPRA,CHAPRA
836,BURMU,HESALPIRI,KORABAR
837,BURMU,KHAKHRA,KHAKHRA
838,BURMU,HESALPIRI,BERWARI
839,BURMU,GURGAI,MURUMGARA
840,BURMU,GURGAI,MOHANPUR
841,BURMU,GURGAI,ITHE
842,BURMU,GURGAI,GURGAIN
843,BURMU,GURGAI,ADRA
844,BURMU,GINJOTHAKURGAON,THAKURGAON
845,BURMU,CHAPRA,HERING
846,BURMU,HESALPIRI,MANATU
847,ANGARA,LUPUNG,HAHE
848,ANGARA,PAIKA,PAIKA
849,ANGARA,PAIKA,JARGA
850,ANGARA,NAVAGADH,RANGAMATI
851,ANGARA,NAVAGADH,OBER
852,ANGARA,NAVAGADH,NAWAGARH
853,ANGARA,NAVAGADH,NAVAGADHSOSO
854,ANGARA,NAVAGADH,BARKIGAURANG
855,BERO,CHACHKAPI,DURU
856,ANGARA,LUPUNG,LUPUNG
857,ANGARA,RAJADERA,RUPARU
858,ANGARA,LUPUNG,BAHEYA
859,ANGARA,JONHA,LAPSAR
860,ANGARA,JONHA,JONHA
861,ANGARA,JONHA,JIDDU
862,ANGARA,JONHA,JARA TOLI
863,ANGARA,JONHA,DOKAD
864,ANGARA,JONHA,DAHUWA
865,ANGARA,HESATU,MELGHOSA
866,ANGARA,LUPUNG,PIRTOL
867,ANGARA,SURSU,SINGARI
868,BUNDU,BARUHATU,BUCHADIH
869,BERO,CHACHKAPI,CHACHKAPI
870,BERO,BERO,BERO
871,BERO,BERO,BARIDIH
872,ANGARA,TATI,TATI
873,ANGARA,TATI,NAWADIH
874,ANGARA,TATI,MUNGADIH
875,ANGARA,TATI,JARADIH
876,ANGARA,RAJADERA,DHURLETA
877,ANGARA,SURSU,SURSU
878,ANGARA,RAJADERA,RAJADERA
879,ANGARA,SURSU,GUTTIDIH
880,ANGARA,SIRKA,SIRKA
881,ANGARA,SIRKA,MASNIYA
882,ANGARA,SIRKA,MAHESH PUR
883,ANGARA,SALHAN,TURUP
884,ANGARA,SALHAN,SALHAN
885,ANGARA,SALHAN,BER BARI
886,ANGARA,HESAL,JAMUARI
887,ANGARA,TATI,ARWABERA
888,ANGARA,BARHADAG,PAHAR SINGH
889,ANGARA,HESATU,HESATU
890,ANGARA,CHILDAG,CHILDAG SOSO
891,ANGARA,CHILDAG,CHILDAG
892,ANGARA,CHATRA,CHATRA
893,ANGARA,CHATRA,BURHIBERA
894,ANGARA,BOGAI BERA,BOGAIBERA
895,ANGARA,BOGAI BERA,BANPUR
896,ANGARA,BISHA,BISHA
897,ANGARA,CHILDAG,SIMALIYA
898,ANGARA,BARHADAG,SITADIH
899,ANGARA,GETALSUD,BANADAG
900,ANGARA,BARHADAG,MUSANGU
901,ANGARA,BARHADAG,KASIDIH
902,ANGARA,BARHADAG,DUMAR GARI
903,ANGARA,BARHADAG,BARWADAG
904,ANGARA,BARHADAG,ASARI
905,ANGARA,ANGARA,NARAYAN SOSO
906,ANGARA,ANGARA,JANUM
907,ANGARA,ANGARA,ANGARA
908,ANGARA,BISHA,BETI
909,ANGARA,GURIDIH,SARUGARI
910,BERO,CHACHKAPI,RORA ALIAS GARHATOLI
911,BUNDU,SUMANDIH,BICHAHATU
912,ANGARA,HARATU,SAHEDA
913,ANGARA,HARATU,NAGRABERA
914,ANGARA,HARATU,LADHUP
915,ANGARA,HARATU,JASPUR
916,ANGARA,HARATU,HARATU
917,ANGARA,HARATU,EDD
918,ANGARA,CHILDAG,LALGARH
919,ANGARA,HARATU,AGARTOLI
920,MANDAR,MANDAR,MANDAR
921,ANGARA,GURIDIH,MEDHA
922,ANGARA,GURIDIH,KOYNARDIH
923,ANGARA,GURIDIH,HESLA BERA
924,ANGARA,GURIDIH,HAPAT BERA
925,ANGARA,GURIDIH,GURIDIH
926,ANGARA,GETALSUD,RESHAM
927,ANGARA,GETALSUD,GETALSUD
928,ANGARA,GETALSUD,BUKI
929,ANGARA,HARATU,BAKSHIDIH
930,BERO,KESHA,TIKRATOLI
931,BERO,PURIYA,PURIYA
932,BERO,NEHALUKAPARIYA,ROGO
933,BERO,NEHALUKAPARIYA,ROGHADIHPATRATOLI
934,BERO,NEHALUKAPARIYA,NEHALUKAPARIYA
935,BERO,NEHALUKAPARIYA,KENAVITA
936,BERO,NEHALUKAPARIYA,GADARI
937,BERO,NEHALUKAPARIYA,DUMRI
938,BERO,CHACHKAPI,CHANGANI
939,BERO,KHUKHRA,CHANKAPI
940,BERO,TERO,IDRI
941,BERO,KESHA,NARI
942,BERO,KESHA,KESA
943,BERO,KARKARI,NARKOPI
944,BERO,KARKARI,MAKUNDA
945,BERO,KARKARI,KHANRDIURI
946,BERO,KARKARI,KARKARI
947,BERO,KARKARI,BHAINSADON
948,BERO,KARANJI,NAGRI
949,BERO,KHUKHRA,KHUKHRA
950,BERO,TUTLO,ITA
951,BUNDU,ADALHATU,JOJDA
952,BUNDU,ADALHATU,CHITRU
953,BUNDU,ADALHATU,CHHOTKOLMA
954,BUNDU,ADALHATU,CHARKA PAKHNA
955,BUNDU,ADALHATU,BANAGURU
956,BUNDU,ADALHATU,ARRADIH
957,BUNDU,ADALHATU,ADALHATU
958,BERO,TUTLO,TUTLO
959,BERO,PURIYA,SEMRA
960,BERO,TUTLO,KOTPALI
961,BERO,TERO,BANRI
962,BERO,TUTLO,DARSITA
963,BERO,TUTLO,CHAPADIH
964,BERO,TUTLO,CHANHO
965,BERO,TUTLO,BALIRAMPUR
966,BERO,TERO,TERO
967,BERO,TERO,MAHUGAON
968,BERO,TERO,KUDARKO
969,BERO,JARIYA,TENGRIYA
970,BERO,TUTLO,MASIATU
971,BERO,GHAGHRA,ASRO
972,BERO,KARANJI,KHATRI KHATANGA
973,BERO,HARIHARPUR JAMTOLI,BHASNANDA
974,BERO,GHAGHRA,SUARTOLI
975,BERO,GHAGHRA,SINGARSARAI
976,BERO,GHAGHRA,SIJHUWA
977,BERO,GHAGHRA,MADHUPUR
978,BERO,GHAGHRA,KONKRE
979,BERO,GHAGHRA,KAIRO
980,BERO,HARIHARPUR JAMTOLI,HARHANJI
981,BERO,GHAGHRA,DUMARDON
982,BERO,HARIHARPUR JAMTOLI,HARIHARPUR JAMTOLI
983,BERO,DORANDA,SERO
984,BERO,DORANDA,KARGE
985,BERO,DORANDA,DORANDA
986,BERO,DORANDA,BILTI
987,BERO,DORANDA,BAID KHIJRI
988,BERO,DIGHIYA,TUKO
989,BERO,DIGHIYA,TENGRIYA
990,BERO,DIGHIYA,DIGHIYA
991,BERO,GHAGHRA,GHAGHRA
992,BERO,ITA,HUTRI
993,ANGARA,HESAL,MASU
994,BERO,JARIYA,MURAMU
995,BERO,JARIYA,MASU
996,BERO,JARIYA,KATARMALI
997,BERO,JARIYA,JARIYA
998,BERO,JARIYA,HULSI
999,BERO,ITA,LAMKANA
1000,BERO,ITA,KHIRDA
1001,BERO,HARIHARPUR JAMTOLI,BODA
1002,BERO,ITA,ITA
1003,BERO,KARANJI,KARANJI
1004,BERO,ITA,HATHU
1005,BERO,ITA,CHILDIRI
1006,BERO,ITA,CHARMA
1007,BERO,HARIHARPUR JAMTOLI,PANDRA
1008,BERO,HARIHARPUR JAMTOLI,MAHRU
1009,BERO,HARIHARPUR JAMTOLI,JAMUNI
1010,BERO,HARIHARPUR JAMTOLI,JAHANABAJ
1011,BERO,HARIHARPUR JAMTOLI,HUTAR
1012,BERO,ITA,KADOJORA
1013,LAPUNG,BOKRANDA,GARI
1014,KHALARI,MAYAPUR,KONKA
1015,LAPUNG,DANEKERA,SARANGLOYA
1016,LAPUNG,DANEKERA,PARSA
1017,LAPUNG,DANEKERA,KOINARA
1018,LAPUNG,DANEKERA,KATINGKELA
1019,LAPUNG,DANEKERA,DANEKERA
1020,LAPUNG,BOKRANDA,PABIRA
1021,LAPUNG,BOKRANDA,LOHAGARA
1022,LAPUNG,DARI,AKUMROMA
1023,LAPUNG,BOKRANDA,LALGANJ
1024,LAPUNG,DARI,DARI
1025,LAPUNG,BOKRANDA,BARKAKURA
1026,LAPUNG,BOKRANDA,BARAIDIH
1027,LAPUNG,BOKRANDA,BAKRONDA
1028,KHALARI,VISHRAMPUR,VISHRAMPUR
1029,KHALARI,TUMANG,TUMANG
1030,KHALARI,TUMANG,KARKATTA
1031,KHALARI,RAY,RAY
1032,LAPUNG,HULSU,HULSU
1033,LAPUNG,BOKRANDA,LETE
1034,LAPUNG,DEWGAWN,SARSA
1035,KANKE,SUKURHUTU SOUTH,SUKURHUTU SOUTH
1036,LAPUNG,DOLAICHA,LODHMA
1037,LAPUNG,DOLAICHA,GARA
1038,LAPUNG,DOLAICHA,DOLAICHA
1039,LAPUNG,DOLAICHA,DIMBA
1040,LAPUNG,DOLAICHA,ARMALATDAG
1041,LAPUNG,DEWGAWN,TILAI
1042,LAPUNG,DEWGAWN,TABERKHURD
1043,LAPUNG,DANEKERA,SUKURHUTU
1044,LAPUNG,DEWGAWN,SEHEDA
1045,KHALARI,MAYAPUR,KEDAL
1046,LAPUNG,DEWGAWN,SAKARPUR
1047,LAPUNG,DEWGAWN,POLA
1048,LAPUNG,DEWGAWN,DEWGAON
1049,LAPUNG,DARI,POKTA
1050,LAPUNG,DARI,MURUP
1051,LAPUNG,DARI,MANRI
1052,LAPUNG,DARI,KOISARA
1053,LAPUNG,DARI,KARUM
1054,LAPUNG,DEWGAWN,TABERKALAN
1055,KANKE,ULATU,ULATU
1056,KHALARI,MAYAPUR,MAYAPUR
1057,KANKE,URGUTTU,MENRHI
1058,KANKE,URGUTTU,BENTI
1059,KANKE,URGUTTU,BAGDA
1060,KANKE,UPPER KONKI,UPPER KONKI
1061,KANKE,UPPER KONKI,PUSU
1062,KANKE,UPPER KONKI,MURETHA
1063,KANKE,UPPER KONKI,MARWA
1064,KANKE,URGUTTU,URUGUTTU
1065,KANKE,UPPER KONKI,CHIRUA
1066,KHALARI,BAMNE,BABHNE (BAMNE)
1067,KANKE,ULATU,SOSO
1068,KANKE,ULATU,CHAULI
1069,KANKE,ULATU,CHARDI
1070,KANKE,ULATU,BANHORA
1071,KANKE,SUNDIL,SUNDIL
1072,KANKE,SUNDIL,NAVA SOSO
1073,KANKE,SUNDIL,DHANAISOSO
1074,KANKE,SUNDIL,CHATAKPUR
1075,KANKE,UPPER KONKI,JIDDU
1076,KHALARI,CHURI (NORTH-WEST),CHURI
1077,KHALARI,MAYAPUR,HARHU
1078,KHALARI,MAYAPUR,DULI
1079,KHALARI,LAPRA,NAWADIH
1080,KHALARI,LAPRA,MAHULIYA
1081,KHALARI,LAPRA,LAPRA
1082,KHALARI,LAPRA,HESALANG
1083,KHALARI,KHELARI,KHELARI
1084,KHALARI,HUTAP,HUTAP
1085,KANKE,URGUTTU,PATRATU
1086,KHALARI,CHURI (SOUTH),CHURI
1087,LAPUNG,HULSU,JARIYA
1088,KHALARI,CHURI (NORTH-EAST),CHURI
1089,KHALARI,CHURI (NORTH),CHURI
1090,KHALARI,CHURI (MIDDLE),CHURI
1091,KHALARI,BUKBUKA,HOYAR
1092,KHALARI,BUKBUKA,CHURI
1093,KHALARI,BUKBUKA,BUKBUKA
1094,KHALARI,BAMNE,MANATU
1095,KHALARI,BAMNE,DONDU
1096,KHALARI,CHURI (SOUTH),HOYAR
1097,MANDAR,BARGARI,SEWADIH
1098,MANDAR,BANJHILA,BANJHILA
1099,MANDAR,KAIMBO,GURGURJARI
1100,MANDAR,JHINJHARI,TOTAMBI
1101,MANDAR,JHINJHARI,SAKARPADA
1102,MANDAR,JHINJHARI,KORAMBE
1103,MANDAR,JHINJHARI,JHINGHRI
1104,MANDAR,BISAHAKHATANGA,MURKUNI
1105,MANDAR,BISAHAKHATANGA,HARIL
1106,MANDAR,KAIMBO,MURJULI
1107,MANDAR,BISAHAKHATANGA,BISHAKHATANGA
1108,MANDAR,KAIMBO,SARGAON
1109,MANDAR,BARGARI,KESKANI
1110,MANDAR,BARGARI,JAHER
1111,MANDAR,BARGARI,BARGARI
1112,MANDAR,BARAMBE,TIKOTOLI
1113,MANDAR,BARAMBE,MALTOLI
1114,MANDAR,BARAMBE,CHUND
1115,MANDAR,BARAMBE,BARAMBE
1116,LAPUNG,HULSU,CHALANGI
1117,MANDAR,BISAHAKHATANGA,GORKHO
1118,MANDAR,MAHUAJARI,BANDO
1119,MANDAR,MALTI,MALTI
1120,MANDAR,MANDAR,KATCHANCHO
1121,ANGARA,HESAL,HESAL
1122,CHANHO,CHATWAL,CHATWAL
1123,MANDAR,MALTI,CHATWAL
1124,MANDAR,MAHUAJARI,NAWATANR
1125,MANDAR,MAHUAJARI,MAHUAJARI
1126,MANDAR,MAHUAJARI,KANIJARI
1127,MANDAR,KAIMBO,KAIMBO
1128,MANDAR,MAHUAJARI,BANSJARI
1129,LAPUNG,SAPUKERA,SOHAGI
1130,MANDAR,LOYO SAKARA,SAKRA
1131,MANDAR,LOYO SAKARA,LOIYO
1132,MANDAR,KARGE,REGE
1133,MANDAR,KARGE,KARGE
1134,MANDAR,KARGE,HATMA
1135,MANDAR,KANJIYA,SOSAI
1136,MANDAR,KANJIYA,PUNGI
1137,MANDAR,KANJIYA,KANJIYA
1138,MANDAR,MAHUAJARI,DARJIJARI
1139,LAPUNG,KAKARIYA,SEMLA
1140,MANDAR,BANJHILA,BURHAKHUKHRA
1141,LAPUNG,MAHUGAON,BANKAKERA
1142,LAPUNG,LATRATU,TIGRA
1143,LAPUNG,LATRATU,TETRA
1144,LAPUNG,LATRATU,NAWATOLI
1145,LAPUNG,LATRATU,LATRATU
1146,LAPUNG,LATRATU,DARANDA
1147,LAPUNG,LATRATU,DADGO
1148,LAPUNG,MAHUGAON,CHALHA
1149,LAPUNG,KAKARIYA,UNEKEL
1150,LAPUNG,MAHUGAON,GUDGUD
1151,LAPUNG,KAKARIYA,KURKURIYA
1152,LAPUNG,KAKARIYA,KHATANGA
1153,LAPUNG,KAKARIYA,KANDARKEL
1154,LAPUNG,KAKARIYA,KAKARIYA
1155,LAPUNG,KAKARIYA,DURU
1156,LAPUNG,KAKARIYA,CHAMPADIH
1157,LAPUNG,HULSU,ULGARA
1158,LAPUNG,HULSU,KATHKUNWARI
1159,LAPUNG,LATRATU,BALANDU
1160,LAPUNG,MALGO,MALGO
1161,LAPUNG,SAPUKERA,SAPUKERA
1162,LAPUNG,SAPUKERA,LAPUNG
1163,LAPUNG,SAPUKERA,KALJE
1164,LAPUNG,SAPUKERA,GATEATOLI
1165,LAPUNG,SAPUKERA,GARAI
1166,LAPUNG,SAPUKERA,FATEHPUR
1167,LAPUNG,SAPUKERA,CHANPI
1168,LAPUNG,SAPUKERA,BARAGAIN
1169,LAPUNG,MAHUGAON,BURHNI
1170,LAPUNG,MALGO,PANDU
1171,MANDAR,JHINJHARI,TATKUNDO
1172,LAPUNG,MALGO,JHIKI
1173,LAPUNG,MALGO,JATALOYA
1174,LAPUNG,MALGO,BIRAMKEL
1175,LAPUNG,MAHUGAON,TAPKARA
1176,LAPUNG,MAHUGAON,TANGARKELA
1177,LAPUNG,MAHUGAON,OREKEL
1178,LAPUNG,MAHUGAON,MAHUGAON
1179,LAPUNG,MAHUGAON,JAMAKEL
1180,LAPUNG,MALGO,RAITOLI
1181,CHANHO,TANGAR,TANGAR
1182,CHANHO,SONS,SONS
1183,ITKI,CHINARO PURIYO,LAWAGAIN
1184,ITKI,CHINARO PURIYO,KHAMBHA
1185,ITKI,CHINARO PURIYO,HARMU
1186,ITKI,CHINARO PURIYO,DOLA
1187,ITKI,CHINARO PURIYO,CHINARO
1188,CHANHO,TARANGA,TARANGA
1189,CHANHO,TARANGA,SOPARAM
1190,ITKI,CHINARO PURIYO,PURIYA
1191,CHANHO,TARANGA,HARRA
1192,ITKI,CHINARO PURIYO,SAUKA
1193,CHANHO,TANGAR,HUTAR
1194,CHANHO,TANGAR,BEJANG
1195,CHANHO,TALA,TALA
1196,CHANHO,TALA,KARAMBO
1197,CHANHO,TALA,KAMTA
1198,CHANHO,TALA,HATRI
1199,CHANHO,TALA,BADRI
1200,KANKE,ARSUNDAY,ARSUNDAY
1201,CHANHO,TARANGA,LEPSAR
1202,ITKI,KULI,TILAKSUTI
1203,ITKI,RANIKHATANGA,TURGURU
1204,ITKI,RANIKHATANGA,RANIKHATANGA
1205,ITKI,KURGI,TARGARI
1206,ITKI,KURGI,SEMRA
1207,ITKI,KURGI,PALMA
1208,ITKI,KURGI,KURGI
1209,ITKI,KUNDI,MALAR
1210,ITKI,KUNDI,KUNDI
1211,ITKI,CHINARO PURIYO,LUPUNGA
1212,ITKI,KUNDI,BARIDIH
1213,CHANHO,SONS,PATUK
1214,ITKI,KULI,RANIDIH
1215,ITKI,KULI,KULI
1216,ITKI,KULI,BHANDRA
1217,ITKI,ITKI WEST,ITKI WEST
1218,ITKI,ITKI EAST,ITKITHAKURGOAN
1219,ITKI,GARHAGAON,GARHAGAON
1220,ITKI,GARHAGAON,CHACHGURA
1221,ITKI,CHINARO PURIYO,SUGDA
1222,ITKI,KUNDI,BINDHANI
1223,CHANHO,KARKAT,RANICHANCHO
1224,CHANHO,TALA,BACHHAU
1225,CHANHO,MURTO,MURTO
1226,CHANHO,MURTO,MELANI
1227,CHANHO,MURTO,HONDPIRI
1228,CHANHO,MURTO,CHUTYO
1229,CHANHO,LUNDRI,SUKURHUTTE
1230,CHANHO,LUNDRI,LUNDRI
1231,CHANHO,LUNDRI,KATAIYA
1232,CHANHO,PATRATU,BETLANGI
1233,CHANHO,KARKAT,SONCHIPI
1234,CHANHO,PATRATU,PATRATU
1235,CHANHO,KARKAT,KARKAT
1236,CHANHO,CHOREYA,NUNHU
1237,CHANHO,CHOREYA,MADHUKAM
1238,KANKE,SUKURHUTU NORTH,SUKURHUTU NORTH
1239,CHANHO,CHATWAL,MASMANO
1240,CHANHO,CHATWAL,PAKARIA
1241,CHANHO,CHOREYA,CHOREYA
1242,CHANHO,CHATWAL,RAKADIH
1243,CHANHO,LUNDRI,BARHE
1244,CHANHO,ROL (ROLA),CHALIYO
1245,CHANHO,SONS,OPA
1246,CHANHO,SONS,LUPUNGA
1247,CHANHO,SONS,CHANHO
1248,CHANHO,SONS,BUCHAOPA
1249,CHANHO,SILAGAI,SILAGAIN
1250,CHANHO,SILAGAI,NAUDI
1251,CHANHO,SILAGAI,HURHURI
1252,CHANHO,ROL (ROLA),ROL (ROLA)
1253,CHANHO,PATRATU,ARA
1254,CHANHO,ROL (ROLA),GUTUA
1255,CHANHO,MURTO,KULLU
1256,CHANHO,RAGHUNATHPUR,RAGHUNATHPUR
1257,CHANHO,RAGHUNATHPUR,KOKO
1258,CHANHO,RAGHUNATHPUR,JAIPUR
1259,CHANHO,RAGHUNATHPUR,GANESHPUR
1260,CHANHO,PONDRI,SONRKHAP
1261,CHANHO,PONDRI,PONDRI
1262,CHANHO,PONDRI,LURANGI
1263,CHANHO,PONDRI,HONHE
1264,CHANHO,ROL (ROLA),MAHTHATOLI
1265,KANKE,KEDAL,GETLATU
1266,KANKE,KOKODARO,KOKDARO
1267,KANKE,KOKODARO,CHETAR
1268,KANKE,KOKODARO,CHAIN KHATANGA
1269,KANKE,KOKODARO,BALU
1270,KANKE,KHATANGA,PIRTAUL
1271,KANKE,KHATANGA,LALGANJ
1272,KANKE,KHATANGA,KHATANGA
1273,KANKE,JAIPUR,KAMTA
1274,KANKE,KEDAL,HUMBAI
1275,KANKE,MALSIRING,MALSIRING
1276,KANKE,KATAMKULI,KATAMKULI
1277,KANKE,KANKE WEST,KANKE WEST
1278,KANKE,KANKE SOUTH,KANKE SOUTH
1279,KANKE,KANKE NORTH,KANKE NORTH
1280,KANKE,KAMRE,KAMRE
1281,KANKE,KAMRE,DAHISOT
1282,KANKE,KAMRE,BANHARA
1283,KANKE,JAIPUR,KANGE
1284,KANKE,KEDAL,KEDAL
1285,KANKE,NEORI,NEORI
1286,KANKE,SAT KANADU,BATTA KANADU
1287,KANKE,SAT KANADU,KOLHA KANADU
1288,KANKE,SAT KANADU,KUMHARIYA
1289,KANKE,BADU,BADU
1290,KANKE,SAT KANADU,SAT KANADU
1291,KANKE,SIMALIYA,SIMALIYA
1292,KANKE,RAHARA,SUTIAMBE
1293,KANKE,RAHARA,RAHARA
1294,KANKE,KOKODARO,OKHARGARHA
1295,KANKE,PITHORIYA,PITHORIYA
1296,KANKE,MALSIRING,KARKATA
1297,KANKE,MESHRA WEST,MESHRA WEST
1298,KANKE,MESHRA EAST,MESHRA
1299,KANKE,MANATU,MANATU
1300,KANKE,MANATU,CHERI
1301,KANKE,MALSIRING,SIRANGO
1302,KANKE,MALSIRING,SANGA
1303,KANKE,MALSIRING,MANHA
1304,KANKE,MANATU,TENDAR
1305,KANKE,RAHARA,MADAN PUR
1306,KANKE,CHANDWE,OYANA
1307,KANKE,FUTKAL TOLI,PIRRA
1308,KANKE,FUTKAL TOLI,JHIRI
1309,KANKE,CHUTTU,PATARATU
1310,KANKE,ECHAPIDHI,HETH KONKI
1311,KANKE,JAIPUR,KADMA
1312,KANKE,DUMAR DAGGA,SUGANU
1313,KANKE,BADU,BUKARU
1314,KANKE,DUMAR DAGGA,DUMAR DAGGA
1315,KANKE,FUTKAL TOLI,TILTA
1316,KANKE,CHUTTU,CHUTTU
1317,KANKE,FUTKAL TOLI,FUTKAL TOLI
1318,KANKE,CHANDWE,DUBLIYA ALIAS DUGLIYA
1319,KANKE,CHANDWE,CHANDWE
1320,KANKE,BODEYA,SANGRAMPUR
1321,KANKE,MESHRA EAST,RUDIA
1322,KANKE,BADU,CHAMA
1323,KANKE,BODEYA,BODEYA
1324,KANKE,BADU,PATAGAI
1325,KANKE,BADU,JAMUARI
1326,KANKE,CHUTTU,RANDO
1327,KANKE,HUNDUR,HUNDUR
1328,KANKE,JAIPUR,JAIPUR
1329,KANKE,JAIPUR,GARU
1330,KANKE,HUSIR,ROLL
1331,KANKE,HUSIR,NAGARI
1332,KANKE,HUSIR,HUSIR
1333,KANKE,BADU,NAWADIH
1334,KANKE,HUSIR,EKAMBA
1335,KANKE,ECHAPIDHI,ECHAPIDHI
1336,KANKE,HUNDUR,SIDHI
1337,KANKE,GAGI,CHAMGURU
1338,KANKE,HUNDUR,HUJIR
1339,KANKE,HUNDUR,HALDAMA
1340,KANKE,GAGI,GAGI
1341,KANKE,HUNDUR,GOBAR HAPPA
1342,KANKE,HUNDUR,CHARI
1343,KANKE,HOCHAR,MURUM
1344,KANKE,HOCHAR,HOCHAR
1345,KANKE,GAGI,KHATANGA
